day,tripId,sheet,row,direction,block,pattern,start,end
Weekday,0f9140e9-47de-551b-a4e9-7a62bf35b7ae,WK Times,5,Southbound,21,Southbound: Wagon Road to Evans,04:08:00,05:01:00
Weekday,862aeade-5069-587c-984a-e312a66da8f4,WK Times,5,Northbound,11,Northbound: Englewood to Westminster Station,04:01:00,04:45:00
Weekday,04eb6520-b1af-51df-a990-c76f27e8e077,WK Times,6,Southbound,12,Southbound: Westminster Station to Englewood,04:43:00,05:27:00
Weekday,a02a629d-dadf-5c1c-b27d-a7e9a64632f6,WK Times,6,Northbound,22,Northbound: Evans to Wagon Road,04:27:00,05:21:00
Weekday,31b28c9f-7bb0-5b6a-97a6-c74cb080a4b0,WK Times,7,Southbound,23,Southbound: Wagon Road to Evans,04:38:00,05:31:00
Weekday,a960853f-44f7-5baa-8dec-a18beb5b5daf,WK Times,7,Northbound,13,Northbound: Englewood to Westminster Station,04:31:00,05:15:00
Weekday,247f6e83-48a2-55d2-aa0c-8d02d22540a6,WK Times,8,Southbound,11,Southbound: Westminster Station to Englewood,05:04:30,05:48:30
Weekday,f8306598-8bf9-5bb6-8987-f8bda6625ca1,WK Times,8,Northbound,24,Northbound: Evans to Wagon Road,04:48:30,05:42:30
Weekday,e996767a-74b8-5a5c-95a0-e21ff5fc3bbe,WK Times,9,Southbound,25,Southbound: Wagon Road to Evans,04:53:00,05:46:00
Weekday,9974532f-27fc-5519-9089-3e90ac22cc20,WK Times,9,Northbound,15,Northbound: Englewood to Westminster Station,04:46:00,05:30:00
Weekday,5bd42c2a-b932-53e0-8b8f-1a13151025cc,WK Times,10,Southbound,14,Southbound: Westminster Station to Englewood,05:19:30,06:03:30
Weekday,dbf60f33-4600-5eb6-bfe9-c15cbc18c3f4,WK Times,10,Northbound,26,Northbound: Evans to Wagon Road,05:03:30,05:57:30
Weekday,3bcdd08d-9aec-5081-804e-02f0694f8c86,WK Times,11,Southbound,27,Southbound: Wagon Road to Evans,05:08:00,06:01:00
Weekday,d171b8c0-574a-5dca-91cd-4e38452af7a6,WK Times,11,Northbound,16,Northbound: Englewood to Westminster Station,05:01:00,05:45:00
Weekday,40910bc7-e0ae-5546-8916-b5d6c3c6e5a0,WK Times,12,Southbound,13,Southbound: Westminster Station to Englewood,05:34:30,06:18:30
Weekday,6ac1219d-5da2-5c88-8a70-205592849d49,WK Times,12,Northbound,21,Northbound: Evans to Wagon Road,05:18:30,06:12:30
Weekday,184a8b98-7df8-5536-9007-ac30ffc7c72a,WK Times,13,Southbound,29,Southbound: Wagon Road to Evans,05:23:00,06:16:00
Weekday,e9b4a76e-517c-5aef-b3b1-82cd2d2d8a36,WK Times,13,Northbound,17,Northbound: Englewood to Westminster Station,05:16:00,06:00:00
Weekday,ce8a9c27-53cf-58ed-a0da-c111c0677ebe,WK Times,14,Southbound,15,Southbound: Westminster Station to Englewood,05:49:30,06:33:30
Weekday,9fd866dd-0f12-56b3-a900-ea1cc4e22b4f,WK Times,14,Northbound,28,Northbound: Evans to Wagon Road,05:33:30,06:27:30
Weekday,e31e8692-2ed1-5216-8c32-4d7e6598d2b8,WK Times,15,Southbound,22,Southbound: Wagon Road to Evans,05:38:00,06:31:00
Weekday,f21ada6f-7d23-5423-9ffa-7a1a77af3b7a,WK Times,15,Northbound,18,Northbound: Englewood to Westminster Station,05:31:00,06:15:00
Weekday,87faf21c-29ef-5957-b042-8e4f53050ea9,WK Times,16,Southbound,16,Southbound: Westminster Station to Englewood,06:00:30,06:51:30
Weekday,5b0e40a9-a681-5226-ab84-02ed1ff5dc60,WK Times,16,Northbound,23,Northbound: Evans to Wagon Road,05:48:30,06:42:30
Weekday,d32d24e7-ed29-5cb5-a184-637b6d4059bd,WK Times,17,Southbound,30,Southbound: Wagon Road to Evans,05:47:00,06:48:00
Weekday,048c147d-b302-56b9-a20e-194f181deffb,WK Times,17,Northbound,12,Northbound: Englewood to Westminster Station,05:46:00,06:30:00
Weekday,cb03d09e-2f70-5d16-a1bf-9c1bb6504cab,WK Times,18,Southbound,17,Southbound: Westminster Station to Englewood,06:15:30,07:06:30
Weekday,607a2633-40f0-54cb-a59e-cfcac950b633,WK Times,18,Northbound,25,Northbound: Evans to Wagon Road,06:01:30,07:03:30
Weekday,ae52f08a-2e4f-5eba-831f-0e39f5011f29,WK Times,19,Southbound,24,Southbound: Wagon Road to Evans,06:02:00,07:03:00
Weekday,7a6e1e5a-443d-5e9e-b1d8-d38a817a5d7a,WK Times,19,Northbound,11,Northbound: Englewood to Westminster Station,05:58:00,06:48:00
Weekday,f9c1adaf-2dd3-509d-bbc5-709fbd3e0d56,WK Times,20,Southbound,18,Southbound: Westminster Station to Englewood,06:30:30,07:21:30
Weekday,fdedfee2-ae9b-54ee-9243-e1a165499365,WK Times,20,Northbound,27,Northbound: Evans to Wagon Road,06:16:30,07:18:30
Weekday,0dff51ab-1270-5c3a-8df3-774c3aa0ef80,WK Times,21,Southbound,26,Southbound: Wagon Road to Evans,06:17:00,07:18:00
Weekday,9b78a77d-9da6-5cde-95d0-5de4e9266768,WK Times,21,Northbound,14,Northbound: Englewood to Westminster Station,06:13:00,07:03:00
Weekday,be1a6d0e-4cf4-576d-8eaf-cd6b9d968ec9,WK Times,22,Southbound,12,Southbound: Westminster Station to Englewood,06:45:30,07:36:30
Weekday,b4debec7-00f9-56b4-8875-7640bcba98e3,WK Times,22,Northbound,29,Northbound: Evans to Wagon Road,06:31:30,07:33:30
Weekday,dead6f13-0ffd-5bfb-b6d4-84fce8a43f22,WK Times,23,Southbound,21,Southbound: Wagon Road to Evans,06:32:00,07:33:00
Weekday,545efa0d-689a-5e14-86c7-ac01ae52d6d3,WK Times,23,Northbound,13,Northbound: Englewood to Westminster Station,06:28:00,07:18:00
Weekday,a629916c-62fd-5a56-b9a9-595011bcd3de,WK Times,24,Southbound,11,Southbound: Westminster Station to Englewood,07:00:30,07:51:30
Weekday,2fe1827e-2f3b-5f00-a01a-bef4307cecfd,WK Times,24,Northbound,22,Northbound: Evans to Wagon Road,06:46:30,07:48:30
Weekday,c2fd21fb-4c36-5da0-9233-1c2728739fba,WK Times,25,Southbound,28,Southbound: Wagon Road to Evans,06:47:00,07:48:00
Weekday,96e24878-b9af-56e7-9c0b-a44abcda448a,WK Times,25,Northbound,15,Northbound: Englewood to Westminster Station,06:43:00,07:33:00
Weekday,c851773d-8642-54f2-9ad7-ced8e47e15da,WK Times,26,Southbound,14,Southbound: Westminster Station to Englewood,07:15:30,08:06:30
Weekday,2dd1c18c-166d-5a46-b162-ec0c5fbd0e85,WK Times,26,Northbound,30,Northbound: Evans to Wagon Road,07:01:30,08:03:30
Weekday,e228d3c4-79bf-57ef-9f55-8ec1a2b5a474,WK Times,27,Southbound,23,Southbound: Wagon Road to Evans,07:02:00,08:03:00
Weekday,0f842e30-60d8-5dd5-8a8a-235ad6420177,WK Times,27,Northbound,16,Northbound: Englewood to Westminster Station,06:58:00,07:48:00
Weekday,fdf660dd-8ebc-5eea-8394-a9b9273001a2,WK Times,28,Southbound,13,Southbound: Westminster Station to Englewood,07:30:30,08:21:30
Weekday,9e8896ff-e157-5336-be46-696a3ba4d11f,WK Times,28,Northbound,24,Northbound: Evans to Wagon Road,07:16:30,08:18:30
Weekday,998deafe-9448-5da5-9b5b-60c220bef207,WK Times,29,Southbound,25,Southbound: Wagon Road to Evans,07:17:00,08:18:00
Weekday,bd2da2a3-0802-57fb-bf9a-a04d57e6c9cf,WK Times,29,Northbound,17,Northbound: Englewood to Westminster Station,07:13:00,08:03:00
Weekday,d3b88555-3e88-5e0e-9c0e-90b7203b405c,WK Times,30,Southbound,15,Southbound: Westminster Station to Englewood,07:45:30,08:36:30
Weekday,0773cad0-3bdb-56ee-805b-5e9c299e45f1,WK Times,30,Northbound,26,Northbound: Evans to Wagon Road,07:31:30,08:33:30
Weekday,cbe35894-2ac0-5820-bcfb-1f6c8c99a4b3,WK Times,31,Southbound,27,Southbound: Wagon Road to Evans,07:32:00,08:33:00
Weekday,c7c5aa1a-f29c-5364-9951-51e0b958453f,WK Times,31,Northbound,18,Northbound: Englewood to Westminster Station,07:28:00,08:18:00
Weekday,8b0612cd-cc08-50a5-bb74-41e084d318e5,WK Times,32,Southbound,16,Southbound: Westminster Station to Englewood,08:00:30,08:51:30
Weekday,b0b3fb5d-d48f-57bd-8374-0e4b216d4527,WK Times,32,Northbound,21,Northbound: Evans to Wagon Road,07:46:30,08:48:30
Weekday,bec79afd-79cb-5a4d-b77b-815527fdb04c,WK Times,33,Southbound,29,Southbound: Wagon Road to Evans,07:47:00,08:48:00
Weekday,5a29d05f-37f9-547a-b932-e2483ee8e74c,WK Times,33,Northbound,12,Northbound: Englewood to Westminster Station,07:43:00,08:33:00
Weekday,b17027df-2042-52b9-a4cf-eaa43f8b85e6,WK Times,34,Southbound,17,Southbound: Westminster Station to Englewood,08:15:30,09:06:30
Weekday,63c6a347-fbe9-5554-a805-6bf2a036826e,WK Times,34,Northbound,28,Northbound: Evans to Wagon Road,08:01:30,09:03:30
Weekday,b2b43aff-054d-53df-a9c0-f26027d18058,WK Times,35,Southbound,22,Southbound: Wagon Road to Evans,08:02:00,09:03:00
Weekday,03b5ff8f-1702-5ba7-95c2-e726f957245c,WK Times,35,Northbound,11,Northbound: Englewood to Westminster Station,07:58:00,08:48:00
Weekday,32729468-c169-5ad3-9182-1a4af3b3e685,WK Times,36,Southbound,18,Southbound: Westminster Station to Englewood,08:30:30,09:21:30
Weekday,362a3475-4f4d-50ed-952e-93c1ee1eae21,WK Times,36,Northbound,23,Northbound: Evans to Wagon Road,08:16:30,09:18:30
Weekday,dd1b6ab1-0a99-543e-972e-7f9db5232ed6,WK Times,37,Southbound,30,Southbound: Wagon Road to Evans,08:17:00,09:18:00
Weekday,71560a56-af64-5380-a234-f5745f8cd8d8,WK Times,37,Northbound,14,Northbound: Englewood to Westminster Station,08:13:00,09:03:00
Weekday,db431a90-2d52-5be9-8c4f-6b24f00e2012,WK Times,38,Southbound,12,Southbound: Westminster Station to Englewood,08:45:30,09:36:30
Weekday,2fe1335f-45c3-5601-9bef-7c8df2f0e847,WK Times,38,Northbound,25,Northbound: Evans to Wagon Road,08:31:30,09:33:30
Weekday,ba34bef5-e7e6-5c44-81d2-6b2159eaea2f,WK Times,39,Southbound,24,Southbound: Wagon Road to Evans,08:32:00,09:33:00
Weekday,1ffc341b-2870-584c-b7dc-796381ea4fb1,WK Times,39,Northbound,13,Northbound: Englewood to Westminster Station,08:28:00,09:18:00
Weekday,a3130456-f6f8-5917-b3bc-c640ce659f19,WK Times,40,Southbound,11,Southbound: Westminster Station to Englewood,09:00:30,09:51:30
Weekday,4a606853-c82d-5d29-b1a0-b662a01c32f0,WK Times,40,Northbound,27,Northbound: Evans to Wagon Road,08:46:30,09:48:30
Weekday,33760967-2d73-5e88-a71b-48dab9a62e6c,WK Times,41,Southbound,26,Southbound: Wagon Road to Evans,08:47:00,09:48:00
Weekday,9ff564cb-622d-5aac-91a0-e87332a1f502,WK Times,41,Northbound,15,Northbound: Englewood to Westminster Station,08:43:00,09:33:00
Weekday,f63bb3f4-7016-5bb9-ae95-780151b723ee,WK Times,42,Southbound,14,Southbound: Westminster Station to Englewood,09:15:30,10:06:30
Weekday,e3f5f674-fd34-5ea6-ab5b-ca5d9ec63f24,WK Times,42,Northbound,29,Northbound: Evans to Wagon Road,09:01:30,10:03:30
Weekday,ad5d96fa-8c29-52cc-b416-2cbf6e8b41bb,WK Times,43,Southbound,21,Southbound: Wagon Road to Evans,09:02:00,10:03:00
Weekday,2bc35fdb-4e61-54b8-a378-f436ebd08d9d,WK Times,43,Northbound,16,Northbound: Englewood to Westminster Station,08:58:00,09:48:00
Weekday,85a4e9b7-80c8-5b24-b997-c080d0cf9c8e,WK Times,44,Southbound,13,Southbound: Westminster Station to Englewood,09:30:30,10:21:30
Weekday,1ae9c771-35b7-512e-87a5-b2c796c8c508,WK Times,44,Northbound,22,Northbound: Evans to Wagon Road,09:16:30,10:18:30
Weekday,fa8fe169-a0ab-584f-9ba6-f2ce52d8dd19,WK Times,45,Southbound,28,Southbound: Wagon Road to Evans,09:17:00,10:18:00
Weekday,3a9bc7cb-c492-5ad2-8987-7cc077b0978b,WK Times,45,Northbound,17,Northbound: Englewood to Westminster Station,09:13:00,10:03:00
Weekday,8350344a-4491-5eeb-bbee-fe7c1c94e3d5,WK Times,46,Southbound,15,Southbound: Westminster Station to Englewood,09:45:30,10:36:30
Weekday,da5649de-86dc-552a-b099-3e144741394e,WK Times,46,Northbound,30,Northbound: Evans to Wagon Road,09:31:30,10:33:30
Weekday,db2fa2bb-5b21-56b3-bf44-efdf2e421e3c,WK Times,47,Southbound,23,Southbound: Wagon Road to Evans,09:32:00,10:33:00
Weekday,977b7c67-169e-5646-99a0-7b55ba2e2eaa,WK Times,47,Northbound,18,Northbound: Englewood to Westminster Station,09:28:00,10:18:00
Weekday,45e37fbf-09e8-5599-aaec-4052a98cfcc6,WK Times,48,Southbound,16,Southbound: Westminster Station to Englewood,10:00:30,10:51:30
Weekday,c90efae3-be42-5f35-8980-eb3d0afb860c,WK Times,48,Northbound,24,Northbound: Evans to Wagon Road,09:46:30,10:48:30
Weekday,f7672d68-7d0f-57c8-8bef-2a4cfe2a3398,WK Times,49,Southbound,25,Southbound: Wagon Road to Evans,09:47:00,10:48:00
Weekday,d069a773-3da8-5467-a6c6-61aeaee8f3ad,WK Times,49,Northbound,12,Northbound: Englewood to Westminster Station,09:43:00,10:33:00
Weekday,e3ca6500-ab83-513d-93bf-d4afb01b5018,WK Times,50,Southbound,17,Southbound: Westminster Station to Englewood,10:14:30,11:06:30
Weekday,6364ecc0-8726-5723-be50-c764e5aad836,WK Times,50,Northbound,26,Northbound: Evans to Wagon Road,10:01:30,11:06:30
Weekday,5dd95b65-7fa0-50b0-9f44-714407147d45,WK Times,51,Southbound,27,Southbound: Wagon Road to Evans,09:58:00,11:03:00
Weekday,ab397042-2406-5220-9dd6-1e7d99e5d7da,WK Times,51,Northbound,11,Northbound: Englewood to Westminster Station,09:58:00,10:50:00
Weekday,6e7cc353-6630-5160-808b-afc811a86617,WK Times,52,Southbound,18,Southbound: Westminster Station to Englewood,10:29:30,11:21:30
Weekday,c653804e-410c-5e83-84b5-2f27c5977dfa,WK Times,52,Northbound,21,Northbound: Evans to Wagon Road,10:16:30,11:21:30
Weekday,4791e9fa-d8fe-5d0d-8d70-dcfdfaaa3158,WK Times,53,Southbound,29,Southbound: Wagon Road to Evans,10:13:00,11:18:00
Weekday,e58774c5-8bcd-56b0-b8b1-ca58169d0131,WK Times,53,Northbound,14,Northbound: Englewood to Westminster Station,10:13:00,11:05:00
Weekday,a0d8ef7b-2e62-5064-a71c-da5fb2749426,WK Times,54,Southbound,12,Southbound: Westminster Station to Englewood,10:44:30,11:36:30
Weekday,0a9e4736-2c3b-574e-bc5b-6bff0456f720,WK Times,54,Northbound,28,Northbound: Evans to Wagon Road,10:31:30,11:36:30
Weekday,2538498f-6abf-5e83-a38c-6bd4878038c3,WK Times,55,Southbound,22,Southbound: Wagon Road to Evans,10:28:00,11:33:00
Weekday,114d1cd4-354e-555c-9353-1144773ce103,WK Times,55,Northbound,13,Northbound: Englewood to Westminster Station,10:28:00,11:20:00
Weekday,ec29813e-6dfb-59c5-8211-0326b9c35c72,WK Times,56,Southbound,11,Southbound: Westminster Station to Englewood,10:59:30,11:51:30
Weekday,e167a6e1-c1b7-5625-984b-9b435eb9689e,WK Times,56,Northbound,23,Northbound: Evans to Wagon Road,10:46:30,11:51:30
Weekday,3e1819dc-e286-562d-9616-ae0d51d9ec71,WK Times,57,Southbound,30,Southbound: Wagon Road to Evans,10:43:00,11:48:00
Weekday,e587dba9-59dc-576b-8bc6-481af7eb49b4,WK Times,57,Northbound,15,Northbound: Englewood to Westminster Station,10:43:00,11:35:00
Weekday,290ca4cb-9f22-5f73-ae83-5f181d7c8def,WK Times,58,Southbound,14,Southbound: Westminster Station to Englewood,11:14:30,12:06:30
Weekday,5ceb0b9f-b4a2-584a-b344-025e19d5741b,WK Times,58,Northbound,25,Northbound: Evans to Wagon Road,11:01:30,12:06:30
Weekday,4478dbd2-b970-5bb7-bb54-4f52634e2a09,WK Times,59,Southbound,24,Southbound: Wagon Road to Evans,10:58:00,12:03:00
Weekday,591df48b-b1b6-5f1e-b435-6c1197eea2e0,WK Times,59,Northbound,16,Northbound: Englewood to Westminster Station,10:58:00,11:50:00
Weekday,711c32fb-337b-579d-8dd9-7bc47074bd99,WK Times,60,Southbound,13,Southbound: Westminster Station to Englewood,11:29:30,12:21:30
Weekday,46f3a6f7-e37c-5885-92d6-31b396a34eb7,WK Times,60,Northbound,27,Northbound: Evans to Wagon Road,11:16:30,12:21:30
Weekday,3331b6aa-f895-5b00-84bb-8a552581e517,WK Times,61,Southbound,26,Southbound: Wagon Road to Evans,11:13:00,12:18:00
Weekday,49cbb58c-9610-5dea-88ab-d304b57a11eb,WK Times,61,Northbound,17,Northbound: Englewood to Westminster Station,11:13:00,12:05:00
Weekday,e435af5f-1473-5b67-8bc3-fda9760e4825,WK Times,62,Southbound,15,Southbound: Westminster Station to Englewood,11:44:30,12:36:30
Weekday,be4761dc-af32-5001-a51f-667927ad77b0,WK Times,62,Northbound,29,Northbound: Evans to Wagon Road,11:31:30,12:36:30
Weekday,f396e8d2-0c4c-5a1f-bba3-b922ae36815d,WK Times,63,Southbound,21,Southbound: Wagon Road to Evans,11:28:00,12:33:00
Weekday,ddee65a6-2123-5133-b511-bd7baa6f4f56,WK Times,63,Northbound,18,Northbound: Englewood to Westminster Station,11:28:00,12:20:00
Weekday,e0cb39f0-6015-58b4-ba7e-76794a20c7b4,WK Times,64,Southbound,16,Southbound: Westminster Station to Englewood,11:59:30,12:51:30
Weekday,bbace60c-f728-5dc6-affe-d707cb1f8d5b,WK Times,64,Northbound,22,Northbound: Evans to Wagon Road,11:46:30,12:51:30
Weekday,af7f1915-f0e1-5b01-88cf-c13f85e5bc59,WK Times,65,Southbound,28,Southbound: Wagon Road to Evans,11:43:00,12:48:00
Weekday,669dc5b6-8830-5db5-86c0-24f616018b13,WK Times,65,Northbound,12,Northbound: Englewood to Westminster Station,11:43:00,12:35:00
Weekday,9a4d5633-05a1-5b85-b98d-9c13581149b4,WK Times,66,Southbound,17,Southbound: Westminster Station to Englewood,12:14:30,13:06:30
Weekday,c9ad19cc-772e-5ab7-8b0c-3824330d57e0,WK Times,66,Northbound,30,Northbound: Evans to Wagon Road,12:01:30,13:06:30
Weekday,97b3696c-af3c-5862-8332-bc764b1b9d27,WK Times,67,Southbound,23,Southbound: Wagon Road to Evans,11:58:00,13:03:00
Weekday,d409bae7-8d51-5298-957a-04bc8661f526,WK Times,67,Northbound,11,Northbound: Englewood to Westminster Station,11:58:00,12:50:00
Weekday,55009e15-51a4-5d12-a10f-4574baeb8809,WK Times,68,Southbound,18,Southbound: Westminster Station to Englewood,12:29:30,13:21:30
Weekday,d0530be0-6b8f-5b8c-88cc-8691725cec00,WK Times,68,Northbound,24,Northbound: Evans to Wagon Road,12:16:30,13:21:30
Weekday,a043a492-468d-52b7-8e75-d11923ba1abc,WK Times,69,Southbound,25,Southbound: Wagon Road to Evans,12:13:00,13:18:00
Weekday,f63ef5f8-add8-5eb5-8199-aa5ed15defbe,WK Times,69,Northbound,14,Northbound: Englewood to Westminster Station,12:13:00,13:05:00
Weekday,e15175ea-7587-53d7-9ebb-813268845d90,WK Times,70,Southbound,12,Southbound: Westminster Station to Englewood,12:44:30,13:36:30
Weekday,759339ea-8a95-58d3-b9ac-5c0128df638b,WK Times,70,Northbound,26,Northbound: Evans to Wagon Road,12:31:30,13:36:30
Weekday,0eb76f8d-0e90-51ab-8c34-1acebf0f5d1b,WK Times,71,Southbound,27,Southbound: Wagon Road to Evans,12:28:00,13:33:00
Weekday,a611f2f1-7341-5f9b-9360-4cfd799a3008,WK Times,71,Northbound,13,Northbound: Englewood to Westminster Station,12:28:00,13:20:00
Weekday,01a35b4f-773e-51bd-a283-5c2db6b7d33c,WK Times,72,Southbound,11,Southbound: Westminster Station to Englewood,12:59:30,13:51:30
Weekday,315afb62-8259-5741-9f34-dd88c94170ab,WK Times,72,Northbound,21,Northbound: Evans to Wagon Road,12:46:30,13:51:30
Weekday,87e8e845-6eaa-5fd2-beec-0d8ecd9b436a,WK Times,73,Southbound,29,Southbound: Wagon Road to Evans,12:43:00,13:48:00
Weekday,1f9a086e-2039-5e6d-a2fc-be3dcf32766d,WK Times,73,Northbound,15,Northbound: Englewood to Westminster Station,12:43:00,13:35:00
Weekday,f15f9505-0a2c-5f7a-a264-bd66b4969827,WK Times,74,Southbound,14,Southbound: Westminster Station to Englewood,13:14:30,14:06:30
Weekday,c28a3ba0-569f-53fa-936c-11ecb2bfb4fb,WK Times,74,Northbound,28,Northbound: Evans to Wagon Road,13:01:30,14:06:30
Weekday,23ad9e81-0e05-576a-9baa-fbc5fd1c90ef,WK Times,75,Southbound,22,Southbound: Wagon Road to Evans,12:58:00,14:03:00
Weekday,096adbd4-a0ea-576b-b556-6891922e6130,WK Times,75,Northbound,16,Northbound: Englewood to Westminster Station,12:58:00,13:50:00
Weekday,e8d31bbf-2ba0-520a-bbc2-64489778c6d2,WK Times,76,Southbound,13,Southbound: Westminster Station to Englewood,13:29:30,14:21:30
Weekday,bc5d6cbe-87b2-57e5-8d89-ee6b69203492,WK Times,76,Northbound,23,Northbound: Evans to Wagon Road,13:16:30,14:21:30
Weekday,15181138-95e5-5b57-abc1-cd9653134ee9,WK Times,77,Southbound,30,Southbound: Wagon Road to Evans,13:13:00,14:18:00
Weekday,f9d0db2d-4439-5a5e-9fb8-78e8b9315029,WK Times,77,Northbound,17,Northbound: Englewood to Westminster Station,13:13:00,14:05:00
Weekday,e57b4a2f-8815-5ad5-bf81-51f427e5f053,WK Times,78,Southbound,15,Southbound: Westminster Station to Englewood,13:44:30,14:36:30
Weekday,42c93206-12e3-5483-9fb3-44ecc0049cc4,WK Times,78,Northbound,25,Northbound: Evans to Wagon Road,13:31:30,14:36:30
Weekday,0d83e862-ecb6-5afb-bed7-35eedec4320c,WK Times,79,Southbound,24,Southbound: Wagon Road to Evans,13:28:00,14:33:00
Weekday,f166bbe0-9287-5f42-9e72-0a4b7049b906,WK Times,79,Northbound,18,Northbound: Englewood to Westminster Station,13:28:00,14:20:00
Weekday,3ffb18d2-2817-5005-9f93-922f09534a77,WK Times,80,Southbound,16,Southbound: Westminster Station to Englewood,13:59:30,14:51:30
Weekday,830e80d3-f071-55e0-a9c9-b714100d4563,WK Times,80,Northbound,27,Northbound: Evans to Wagon Road,13:46:30,14:51:30
Weekday,4a50dd5d-d1c6-5618-8623-8c843ec02db7,WK Times,81,Southbound,26,Southbound: Wagon Road to Evans,13:43:00,14:48:00
Weekday,825997d4-3803-561e-a35e-5658c769dcd5,WK Times,81,Northbound,12,Northbound: Englewood to Westminster Station,13:43:00,14:35:00
Weekday,9bfd46a1-e915-5c82-9416-36c41e2d1e27,WK Times,82,Southbound,17,Southbound: Westminster Station to Englewood,14:14:30,15:06:30
Weekday,a6b67b1d-a28c-584d-b802-0034bb70bc10,WK Times,82,Northbound,29,Northbound: Evans to Wagon Road,14:01:30,15:06:30
Weekday,c9e4a82e-d34b-54c0-9e6d-8266adf276da,WK Times,83,Southbound,21,Southbound: Wagon Road to Evans,13:58:00,15:03:00
Weekday,e99ba841-d9e8-527d-8240-ab26337a6f33,WK Times,83,Northbound,11,Northbound: Englewood to Westminster Station,13:58:00,14:50:00
Weekday,0a14b77d-0e0c-58b2-915c-461ef10bf515,WK Times,84,Southbound,18,Southbound: Westminster Station to Englewood,14:29:30,15:21:30
Weekday,b98242a9-23e4-57a1-a9dd-a51b93d2c184,WK Times,84,Northbound,22,Northbound: Evans to Wagon Road,14:16:30,15:21:30
Weekday,af78983b-921f-5919-820a-9c845f480636,WK Times,85,Southbound,28,Southbound: Wagon Road to Evans,14:13:00,15:18:00
Weekday,22c2156b-2fa8-5afe-83e5-247970189169,WK Times,85,Northbound,14,Northbound: Englewood to Westminster Station,14:13:00,15:05:00
Weekday,5f13dfe1-e04e-5343-a383-300d2570a5c6,WK Times,86,Southbound,12,Southbound: Westminster Station to Englewood,14:44:30,15:36:30
Weekday,6fffd212-51f5-5f31-99b7-e1036840ba02,WK Times,86,Northbound,30,Northbound: Evans to Wagon Road,14:31:30,15:36:30
Weekday,cd88ecf6-7908-5d4f-8e82-e082c47f53dd,WK Times,87,Southbound,23,Southbound: Wagon Road to Evans,14:28:00,15:33:00
Weekday,36bbdc44-35cc-531a-8f25-64cd357287bd,WK Times,87,Northbound,13,Northbound: Englewood to Westminster Station,14:28:00,15:20:00
Weekday,12fe266b-72e4-58eb-aafd-ed6c6b4c265c,WK Times,88,Southbound,11,Southbound: Westminster Station to Englewood,14:59:30,15:51:30
Weekday,e597948d-5396-5403-ae94-756b0ac8bfcc,WK Times,88,Northbound,24,Northbound: Evans to Wagon Road,14:46:30,15:51:30
Weekday,2582ef31-f3e5-5394-b15b-8912f7f3265b,WK Times,89,Southbound,25,Southbound: Wagon Road to Evans,14:43:00,15:48:00
Weekday,5cf1a48e-b9c2-58c8-b582-4c5de0429034,WK Times,89,Northbound,15,Northbound: Englewood to Westminster Station,14:43:00,15:35:00
Weekday,aa3a6c71-c27f-519b-8c87-ba71df75ee57,WK Times,90,Southbound,14,Southbound: Westminster Station to Englewood,15:14:30,16:06:30
Weekday,47ce8b08-557f-5b48-8314-31c2a0ce8396,WK Times,90,Northbound,26,Northbound: Evans to Wagon Road,15:03:30,16:00:30
Weekday,99f23f5c-ee53-5be2-a457-0f2cc9832e2a,WK Times,91,Southbound,27,Southbound: Wagon Road to Evans,14:58:00,16:03:00
Weekday,acb91c4a-9a19-53f9-b604-fdc8e735fd0b,WK Times,91,Northbound,16,Northbound: Englewood to Westminster Station,15:00:00,15:47:00
Weekday,6f9cb43a-73d6-5337-a2c0-57ee81444039,WK Times,92,Southbound,13,Southbound: Westminster Station to Englewood,15:29:30,16:21:30
Weekday,5308ee88-4fa1-589b-8f75-1c1b2706e9e4,WK Times,92,Northbound,21,Northbound: Evans to Wagon Road,15:18:30,16:15:30
Weekday,8794a348-bcb9-5675-82ea-a514ab3a83c6,WK Times,93,Southbound,29,Southbound: Wagon Road to Evans,15:13:00,16:18:00
Weekday,3f178650-3d5d-524c-81ed-3d944c4d5e40,WK Times,93,Northbound,17,Northbound: Englewood to Westminster Station,15:15:00,16:02:00
Weekday,1ac2812b-62f1-5eea-8c7c-40ea31eedece,WK Times,94,Southbound,15,Southbound: Westminster Station to Englewood,15:44:30,16:36:30
Weekday,2b9bb785-9a63-56df-9900-6110d2ce679a,WK Times,94,Northbound,28,Northbound: Evans to Wagon Road,15:33:30,16:30:30
Weekday,5b8108e1-6193-5955-b748-ca3dfadbb9bf,WK Times,95,Southbound,22,Southbound: Wagon Road to Evans,15:28:00,16:33:00
Weekday,be4f44ba-d8b6-5f6d-b70d-8b19c3a73a5b,WK Times,95,Northbound,18,Northbound: Englewood to Westminster Station,15:30:00,16:17:00
Weekday,eff5d079-05e3-5287-bff5-5c3ed15731ba,WK Times,96,Southbound,16,Southbound: Westminster Station to Englewood,15:59:30,16:51:30
Weekday,02f4df73-e29d-5fce-9f67-8353797ed8bc,WK Times,96,Northbound,23,Northbound: Evans to Wagon Road,15:48:30,16:45:30
Weekday,85c23b45-9485-57b1-9cd4-2868967b6fbd,WK Times,97,Southbound,30,Southbound: Wagon Road to Evans,15:43:00,16:48:00
Weekday,9e1305e1-72aa-5d65-bac5-46f25ce78cd9,WK Times,97,Northbound,12,Northbound: Englewood to Westminster Station,15:45:00,16:32:00
Weekday,abd1699e-7b19-5f66-abd1-3c7e4f848676,WK Times,98,Southbound,17,Southbound: Westminster Station to Englewood,16:14:30,17:06:30
Weekday,e79505f5-6858-53c5-a7a7-de9044cbec82,WK Times,98,Northbound,25,Northbound: Evans to Wagon Road,16:03:30,17:00:30
Weekday,286181c0-c7c9-59f4-8872-aacded3b8385,WK Times,99,Southbound,24,Southbound: Wagon Road to Evans,15:58:00,17:03:00
Weekday,0140a2f0-1069-5814-9f07-47fe4d11cf6d,WK Times,99,Northbound,11,Northbound: Englewood to Westminster Station,16:00:00,16:47:00
Weekday,23701668-a8bb-5f23-b272-c4133b968232,WK Times,100,Southbound,18,Southbound: Westminster Station to Englewood,16:29:30,17:21:30
Weekday,652fb068-e3c8-56af-9403-5f1529eb9ef5,WK Times,100,Northbound,27,Northbound: Evans to Wagon Road,16:18:30,17:15:30
Weekday,218fe64d-8bfd-57db-955b-5aeac27dbbd0,WK Times,101,Southbound,26,Southbound: Wagon Road to Evans,16:13:00,17:18:00
Weekday,4497a4a4-5c1b-50d5-a586-d10045eee690,WK Times,101,Northbound,14,Northbound: Englewood to Westminster Station,16:15:00,17:02:00
Weekday,a096bbda-cd1c-528b-906b-f993fb6e8d81,WK Times,102,Southbound,12,Southbound: Westminster Station to Englewood,16:44:30,17:36:30
Weekday,7ee9dc8b-2882-5075-b72f-b4041cf834e6,WK Times,102,Northbound,29,Northbound: Evans to Wagon Road,16:33:30,17:30:30
Weekday,1a12a4cf-0d06-54de-ac4d-bdba9e596376,WK Times,103,Southbound,21,Southbound: Wagon Road to Evans,16:28:00,17:33:00
Weekday,a1c548b8-c48d-56c0-ae4d-37d0d9b654cd,WK Times,103,Northbound,13,Northbound: Englewood to Westminster Station,16:30:00,17:17:00
Weekday,21408932-a38c-5317-9635-cb2f24395c30,WK Times,104,Southbound,11,Southbound: Westminster Station to Englewood,16:59:30,17:51:30
Weekday,40f27cab-1186-5810-9c30-38c218301a7c,WK Times,104,Northbound,22,Northbound: Evans to Wagon Road,16:48:30,17:45:30
Weekday,be306bba-cf4d-5281-851b-462eea937ed7,WK Times,105,Southbound,28,Southbound: Wagon Road to Evans,16:43:00,17:48:00
Weekday,889b6186-a92c-5c5d-aee4-978cbe0d8818,WK Times,105,Northbound,15,Northbound: Englewood to Westminster Station,16:45:00,17:32:00
Weekday,c7806446-4c6f-57fb-b1c2-68f8a7466d2f,WK Times,106,Southbound,14,Southbound: Westminster Station to Englewood,17:14:30,18:06:30
Weekday,e893d5b7-b99b-5169-aaac-1af5009522c3,WK Times,106,Northbound,30,Northbound: Evans to Wagon Road,17:03:30,18:00:30
Weekday,bc4dd4b3-a0bd-5e83-ab84-fd471a59c4eb,WK Times,107,Southbound,23,Southbound: Wagon Road to Evans,16:58:00,18:03:00
Weekday,cc520611-60cd-5364-9b2c-d3f9a50701cd,WK Times,107,Northbound,16,Northbound: Englewood to Westminster Station,17:00:00,17:47:00
Weekday,e11418c7-a1f8-556a-a9c3-24cca4cafd0d,WK Times,108,Southbound,13,Southbound: Westminster Station to Englewood,17:29:30,18:21:30
Weekday,5f7a83b5-c510-5a33-b867-8eb20c561071,WK Times,108,Northbound,24,Northbound: Evans to Wagon Road,17:18:30,18:15:30
Weekday,e49f8684-7b54-553c-84c9-afbdff12fff9,WK Times,109,Southbound,25,Southbound: Wagon Road to Evans,17:13:00,18:18:00
Weekday,89fe0906-de3d-5210-8eeb-860c7faa4eaa,WK Times,109,Northbound,17,Northbound: Englewood to Westminster Station,17:15:00,18:02:00
Weekday,4005fee5-0aad-5eb1-a895-4b6c2a7510a0,WK Times,110,Southbound,15,Southbound: Westminster Station to Englewood,17:44:30,18:36:30
Weekday,5ac3f0c5-9214-5718-82a9-2564c19ca624,WK Times,110,Northbound,26,Northbound: Evans to Wagon Road,17:33:30,18:30:30
Weekday,b86888e5-7f02-519d-8bd6-2b1f67c408a0,WK Times,111,Southbound,27,Southbound: Wagon Road to Evans,17:28:00,18:33:00
Weekday,a0515fbe-4af7-519a-9556-e1070def8291,WK Times,111,Northbound,18,Northbound: Englewood to Westminster Station,17:30:00,18:17:00
Weekday,2c2dc5eb-b4e1-544a-9687-f9a1c140f1e9,WK Times,112,Southbound,16,Southbound: Westminster Station to Englewood,18:03:30,18:51:30
Weekday,bfaaa3f1-616b-5abd-ae62-5fec65e28ceb,WK Times,112,Northbound,21,Northbound: Evans to Wagon Road,17:48:30,18:45:30
Weekday,a3bc98b4-4b57-55b2-a018-952dac97fbe4,WK Times,113,Southbound,29,Southbound: Wagon Road to Evans,17:51:00,18:48:00
Weekday,0f04a612-883e-573f-a903-904421ce2038,WK Times,113,Northbound,12,Northbound: Englewood to Westminster Station,17:45:00,18:32:00
Weekday,b958e0f3-1935-517a-830d-856976e4528c,WK Times,114,Southbound,17,Southbound: Westminster Station to Englewood,18:18:30,19:06:30
Weekday,72d35e6f-f0d5-547f-8e08-44924d1d137e,WK Times,114,Northbound,28,Northbound: Evans to Wagon Road,18:03:30,19:00:30
Weekday,c457d9eb-ac07-5e98-a0dd-8b75a2a1516e,WK Times,115,Southbound,22,Southbound: Wagon Road to Evans,18:06:00,19:03:00
Weekday,0b189155-ecb6-5dea-84c6-e916c54a8279,WK Times,115,Northbound,11,Northbound: Englewood to Westminster Station,18:00:00,18:47:00
Weekday,439f0f1b-0d60-5298-a16b-d501d555c8c3,WK Times,116,Southbound,18,Southbound: Westminster Station to Englewood,18:33:30,19:21:30
Weekday,8c9a983b-7aef-5165-9c41-7cfe92a2a2a1,WK Times,116,Northbound,23,Northbound: Evans to Wagon Road,18:18:30,19:15:30
Weekday,c63dafe0-b357-53ce-8e9e-9f0e83ef8494,WK Times,117,Southbound,30,Southbound: Wagon Road to Evans,18:21:00,19:18:00
Weekday,7656bc86-e59f-5023-ab9c-71ca73fd0752,WK Times,117,Northbound,14,Northbound: Englewood to Westminster Station,18:15:00,19:02:00
Weekday,19d007b2-acaa-51e8-aa9c-e724ffad8995,WK Times,118,Southbound,12,Southbound: Westminster Station to Englewood,18:48:30,19:36:30
Weekday,4d9caf48-418c-56fb-a879-788b69563b51,WK Times,118,Northbound,25,Northbound: Evans to Wagon Road,18:33:30,19:30:30
Weekday,8cc6eeb4-4ca3-53e5-8ad5-2e07c579c47e,WK Times,119,Southbound,24,Southbound: Wagon Road to Evans,18:36:00,19:33:00
Weekday,7ccadcce-b114-5f25-9319-db9a2897ed08,WK Times,119,Northbound,13,Northbound: Englewood to Westminster Station,18:30:00,19:17:00
Weekday,204fa4bb-50f1-5dc3-9e06-b9e007b114e5,WK Times,120,Southbound,11,Southbound: Westminster Station to Englewood,19:03:30,19:51:30
Weekday,2302a26e-1991-517a-9a2e-e8724bf47b45,WK Times,120,Northbound,27,Northbound: Evans to Wagon Road,18:48:30,19:45:30
Weekday,b6642c9c-55fa-5844-85b9-e2ce9d8d7a74,WK Times,121,Southbound,26,Southbound: Wagon Road to Evans,18:51:00,19:48:00
Weekday,356cb00e-ef16-5238-babf-70ae2b7e0d0c,WK Times,121,Northbound,15,Northbound: Englewood to Westminster Station,18:45:00,19:32:00
Weekday,066c6ab5-ffb7-5fe8-baec-a260c18efc79,WK Times,122,Southbound,14,Southbound: Westminster Station to Englewood,19:18:30,20:06:30
Weekday,fb683f87-ded1-5c22-954b-7eca58f3e338,WK Times,122,Northbound,29,Northbound: Evans to Wagon Road,19:03:30,20:00:30
Weekday,f02b2248-f775-5615-828d-affcb294cfbc,WK Times,123,Southbound,21,Southbound: Wagon Road to Evans,19:06:00,20:03:00
Weekday,33d118d7-467b-5cac-8583-631f4ce54224,WK Times,123,Northbound,16,Northbound: Englewood to Westminster Station,19:00:00,19:47:00
Weekday,1b879df1-36b9-59ac-bee3-00f322b6853c,WK Times,124,Southbound,13,Southbound: Westminster Station to Englewood,19:33:30,20:21:30
Weekday,0da25ee4-b0dd-5f57-b038-4255ac0b6b66,WK Times,124,Northbound,22,Northbound: Evans to Wagon Road,19:18:30,20:15:30
Weekday,a9785bbd-51d9-5284-9c27-ecc306e21394,WK Times,125,Southbound,28,Southbound: Wagon Road to Evans,19:21:00,20:18:00
Weekday,91a81cb0-ca23-5121-a98a-92bae4a7de3a,WK Times,125,Northbound,17,Northbound: Englewood to Westminster Station,19:15:00,20:02:00
Weekday,de329d3e-fa6a-5e30-b0e0-d0e48467cb67,WK Times,126,Southbound,16,Southbound: Westminster Station to Englewood,19:56:00,20:44:00
Weekday,a256ffa9-0db0-55f1-b30d-e190ff58e6e6,WK Times,126,Northbound,30,Northbound: Evans to Wagon Road,19:41:00,20:38:00
Weekday,00faefa7-2e04-5d5d-95e6-a16b0ee38bfd,WK Times,127,Southbound,25,Southbound: Wagon Road to Evans,19:51:00,20:48:00
Weekday,511fa271-11dd-5639-b3ef-c684b87c8a1a,WK Times,127,Northbound,12,Northbound: Englewood to Westminster Station,19:45:00,20:32:00
Weekday,9510e944-72cf-50d7-81aa-97e3f45f55c6,WK Times,128,Southbound,17,Southbound: Westminster Station to Englewood,20:26:00,21:14:00
Weekday,9b85d66d-8fa5-5351-a41c-e4628348fc10,WK Times,128,Northbound,26,Northbound: Evans to Wagon Road,20:11:00,21:08:00
Weekday,3a4676fa-c5e2-5238-a9d1-e45b21c753ea,WK Times,129,Southbound,29,Southbound: Wagon Road to Evans,20:21:00,21:18:00
Weekday,e01c44fc-a123-53f1-a5b3-96313d766f5b,WK Times,129,Northbound,14,Northbound: Englewood to Westminster Station,20:15:00,21:02:00
Weekday,467de5c2-165e-5571-b09a-0ae639fbec39,WK Times,130,Southbound,12,Southbound: Westminster Station to Englewood,20:56:00,21:44:00
Weekday,4dface81-373a-5caa-892a-57c28fb174a6,WK Times,130,Northbound,28,Northbound: Evans to Wagon Road,20:41:00,21:38:00
Weekday,04b933ae-b01b-5676-a713-5866ea9e24ff,WK Times,131,Southbound,30,Southbound: Wagon Road to Evans,20:51:00,21:48:00
Weekday,8315ac2a-a674-58c8-b581-5c0f2892b49b,WK Times,131,Northbound,13,Northbound: Englewood to Westminster Station,20:45:00,21:32:00
Weekday,f8dfa323-e4bf-5404-b872-c5d781727f87,WK Times,132,Southbound,14,Southbound: Westminster Station to Englewood,21:26:00,22:14:00
Weekday,8c78b472-af7e-5463-9796-50e3b3e0459d,WK Times,132,Northbound,25,Northbound: Evans to Wagon Road,21:11:00,22:08:00
Weekday,b8dad327-2009-5db3-b3bd-00407d78c85e,WK Times,133,Southbound,26,Southbound: Wagon Road to Evans,21:21:00,22:18:00
Weekday,e318e49c-75f1-5d08-87f2-2808f8bdbe4f,WK Times,133,Northbound,16,Northbound: Englewood to Westminster Station,21:15:00,22:02:00
Weekday,4c645523-b2a2-5b2e-acc4-0e971329e43d,WK Times,134,Southbound,13,Southbound: Westminster Station to Englewood,21:56:00,22:44:00
Weekday,910e0873-af69-59c2-8e8f-82c8af08a937,WK Times,134,Northbound,29,Northbound: Evans to Wagon Road,21:41:00,22:38:00
Weekday,a53af94b-327c-5e4b-9742-7761ac09cd5a,WK Times,135,Southbound,28,Southbound: Wagon Road to Englewood,21:54:00,22:57:00
Weekday,83702d0f-6976-57e9-a9cd-2a93182165b9,WK Times,135,Northbound,12,Northbound: Englewood to Wagon Road,21:57:00,23:01:00
Weekday,32e10ea9-30b1-5f28-b580-aae7648b0f5e,WK Times,136,Southbound,25,Southbound: Wagon Road to Englewood,22:24:00,23:27:00
Weekday,7fbac535-b62f-5e4f-8f25-8064cf8f06d5,WK Times,136,Northbound,14,Northbound: Englewood to Wagon Road,22:27:00,23:31:00
Weekday,fda7700f-c848-5717-b643-fb8f2efa58c7,WK Times,137,Southbound,29,Southbound: Wagon Road to Englewood,22:54:00,23:57:00
Weekday,314a8995-7d98-552a-bd19-38a4b152645b,WK Times,137,Northbound,13,Northbound: Englewood to Wagon Road,22:57:00,24:01:00
Weekday,a1c285cc-b5ad-59e0-be25-0e5c70ac4450,WK Times,138,Southbound,12,Southbound: Wagon Road to Englewood,23:24:00,24:27:00
Weekday,82348f57-c4d7-5316-ba41-2287bda389d1,WK Times,138,Northbound,28,Northbound: Englewood to Wagon Road,23:27:00,24:31:00
Weekday,1f673ad3-7dfb-502c-ae5e-5a0085f5485b,WK Times,139,Southbound,14,Southbound: Wagon Road to Englewood,23:54:00,24:57:00
Weekday,9bbc661f-192b-524a-bc48-832540f703ff,WK Times,139,Northbound,25,Northbound: Englewood to Wagon Road,23:57:00,25:01:00
Weekday,3cd52171-2e5c-53c8-a5fa-a92aad4d713c,WK Times,140,Southbound,13,Southbound: Wagon Road to Englewood,24:24:00,25:27:00
Weekday,0f7a12be-a3a9-512d-83d0-1ef8eec23f72,WK Times,140,Northbound,29,Northbound: Englewood to Wagon Road,24:27:00,25:31:00
Weekday,03447f8a-27ef-573c-bb7a-466f6c91a27b,WK Times,141,Southbound,28,Southbound: Wagon Road to Englewood,24:54:00,25:57:00
Weekday,e90348f1-8d05-5c8e-858a-b2869cbb3fa1,WK Times,141,Northbound,12,Northbound: Englewood to Wagon Road,24:57:00,26:01:00
Weekday,c92f04d1-6b6f-5959-a2ef-cde4d39dbbd9,WK Times,142,Southbound,25,Southbound: Wagon Road to Englewood,25:24:00,26:27:00
Weekday,dc6581a6-fe78-50e2-a06b-df66ca018404,WK Times,142,Northbound,14,Northbound: Englewood to Westminster Station,25:27:00,26:11:00
Saturday,03261d21-6137-5efc-b38f-43d34c68df8d,SA Times,5,Southbound,21,Southbound: Wagon Road to Evans,05:10:00,06:03:00
Saturday,afeffee5-b5e6-596b-91ea-eca5a3937f15,SA Times,5,Northbound,11,Northbound: Englewood to Westminster Station,05:01:00,05:45:00
Saturday,f20190ba-c8d1-5c1f-8d74-c9707882ee53,SA Times,6,Southbound,12,Southbound: Westminster Station to Englewood,05:44:00,06:28:00
Saturday,9a6859ef-193d-5d2f-ad87-3b2417b5cbee,SA Times,6,Northbound,22,Northbound: Evans to Wagon Road,05:26:00,06:20:00
Saturday,f77cffc7-3f30-5593-8bf3-f0896a163e84,SA Times,7,Southbound,23,Southbound: Wagon Road to Evans,05:40:00,06:33:00
Saturday,5d3e578a-e66e-55c2-a0d0-1acef6bb160e,SA Times,7,Northbound,13,Northbound: Englewood to Westminster Station,05:31:00,06:15:00
Saturday,e8dd819d-bc13-5c13-beee-d0f7410190f5,SA Times,8,Southbound,11,Southbound: Westminster Station to Englewood,06:06:30,06:50:30
Saturday,dae335be-efa0-549b-b035-15b4325119a3,SA Times,8,Northbound,24,Northbound: Evans to Wagon Road,05:48:30,06:42:30
Saturday,cc8297bf-f1e2-5218-9718-c53b2be1fa35,SA Times,9,Southbound,25,Southbound: Wagon Road to Evans,05:55:00,06:48:00
Saturday,1e856db4-ee6c-5ac4-b2a5-f47d786c4485,SA Times,9,Northbound,15,Northbound: Englewood to Westminster Station,05:46:00,06:30:00
Saturday,db3c9005-f7d5-5875-bd49-65e6d3a7af24,SA Times,10,Southbound,14,Southbound: Westminster Station to Englewood,06:21:30,07:05:30
Saturday,1668bea5-9ffa-5d5f-bac4-78191d8595f6,SA Times,10,Northbound,29,Northbound: Evans to Wagon Road,06:03:30,06:57:30
Saturday,ce9d284f-20d0-52c1-b585-ceed70d95e4d,SA Times,11,Southbound,27,Southbound: Wagon Road to Evans,06:10:00,07:03:00
Saturday,912dbf0d-934e-55b2-9738-4e3e47c79704,SA Times,11,Northbound,16,Northbound: Englewood to Westminster Station,06:01:00,06:45:00
Saturday,a7a6625a-7966-5260-8f00-8e4063a2da57,SA Times,12,Southbound,13,Southbound: Westminster Station to Englewood,06:36:30,07:20:30
Saturday,6095edac-546f-5658-ae56-e838796118da,SA Times,12,Northbound,21,Northbound: Evans to Wagon Road,06:18:30,07:12:30
Saturday,4866af75-76ef-5407-9a21-22727e918e90,SA Times,13,Southbound,28,Southbound: Wagon Road to Evans,06:25:00,07:18:00
Saturday,016f3862-b0d1-54a1-8c31-b91c070765f8,SA Times,13,Northbound,17,Northbound: Englewood to Westminster Station,06:16:00,07:00:00
Saturday,7024bc8a-b3be-514e-81ee-3f37c3758c0e,SA Times,14,Southbound,15,Southbound: Westminster Station to Englewood,06:51:30,07:35:30
Saturday,d3771d0a-3df7-5517-a9bb-8aa38c2a6ee1,SA Times,14,Northbound,26,Northbound: Evans to Wagon Road,06:33:30,07:27:30
Saturday,91dde3e0-c655-53fa-901d-61e7e61258a2,SA Times,15,Southbound,22,Southbound: Wagon Road to Evans,06:40:00,07:33:00
Saturday,91226e42-235e-50f6-a13f-3f0e7094afca,SA Times,15,Northbound,18,Northbound: Englewood to Westminster Station,06:31:00,07:15:00
Saturday,db4d72c7-d59f-522f-8f98-a0b630004f66,SA Times,16,Southbound,16,Southbound: Westminster Station to Englewood,07:06:30,07:50:30
Saturday,3ef38299-0311-5f59-8364-9c6132840aa3,SA Times,16,Northbound,23,Northbound: Evans to Wagon Road,06:48:30,07:42:30
Saturday,b7454421-501e-549c-a620-ef76c8884882,SA Times,17,Southbound,24,Southbound: Wagon Road to Evans,06:55:00,07:48:00
Saturday,b949664a-d876-5ec1-982d-cf3f92aeb9b7,SA Times,17,Northbound,12,Northbound: Englewood to Westminster Station,06:46:00,07:30:00
Saturday,19a78ba4-3947-5ae7-8322-be1db0ceee23,SA Times,18,Southbound,17,Southbound: Westminster Station to Englewood,07:20:30,08:08:30
Saturday,5ead7973-2d3d-51e3-958f-7ff527012221,SA Times,18,Northbound,25,Northbound: Evans to Wagon Road,07:03:30,08:00:30
Saturday,7288d60d-1cc0-5339-8a2b-a26b0b331152,SA Times,19,Southbound,29,Southbound: Wagon Road to Evans,07:08:00,08:05:00
Saturday,aa643491-2292-5357-8a47-9938026a7711,SA Times,19,Northbound,11,Northbound: Englewood to Westminster Station,07:00:00,07:47:00
Saturday,baa878ae-567f-5075-acb6-05e7aab40520,SA Times,20,Southbound,18,Southbound: Westminster Station to Englewood,07:35:30,08:23:30
Saturday,140a5495-5e3d-548b-bf95-efa8eaeb0687,SA Times,20,Northbound,27,Northbound: Evans to Wagon Road,07:18:30,08:15:30
Saturday,ebf8f572-cd11-5cdd-be2d-9bf6ccd19561,SA Times,21,Southbound,21,Southbound: Wagon Road to Evans,07:23:00,08:20:00
Saturday,19e1097a-bfb6-567e-8c19-067f398cff7c,SA Times,21,Northbound,14,Northbound: Englewood to Westminster Station,07:15:00,08:02:00
Saturday,6e8c84ee-8c79-53fc-8310-a70993cb8e68,SA Times,22,Southbound,12,Southbound: Westminster Station to Englewood,07:50:30,08:38:30
Saturday,08834eb1-d537-576c-b1f8-03bdd19be1dc,SA Times,22,Northbound,28,Northbound: Evans to Wagon Road,07:33:30,08:30:30
Saturday,f95ffc40-200c-5589-99a5-fd7811795638,SA Times,23,Southbound,26,Southbound: Wagon Road to Evans,07:38:00,08:35:00
Saturday,1f2e0ae0-a484-5c7b-97c6-47f697ad2a24,SA Times,23,Northbound,13,Northbound: Englewood to Westminster Station,07:30:00,08:17:00
Saturday,73630fc9-f7cc-57f0-b1a5-67f64a8b570b,SA Times,24,Southbound,11,Southbound: Westminster Station to Englewood,08:05:30,08:53:30
Saturday,2f6aa248-9393-50d6-b8a1-2b67cd5075de,SA Times,24,Northbound,22,Northbound: Evans to Wagon Road,07:48:30,08:45:30
Saturday,dc876c6d-1b55-5fba-b1ff-e1771d87fc6d,SA Times,25,Southbound,23,Southbound: Wagon Road to Evans,07:53:00,08:50:00
Saturday,923e0f1a-eb6d-5f78-bfa5-de301c8880e6,SA Times,25,Northbound,15,Northbound: Englewood to Westminster Station,07:45:00,08:32:00
Saturday,d6a46e31-d70b-58ac-bc36-dc296e2aa7df,SA Times,26,Southbound,14,Southbound: Westminster Station to Englewood,08:20:30,09:08:30
Saturday,5c40ca75-faad-5495-a798-683fabb3d081,SA Times,26,Northbound,24,Northbound: Evans to Wagon Road,08:03:30,09:00:30
Saturday,165bff9f-d21e-59f0-94ae-6750d9246416,SA Times,27,Southbound,25,Southbound: Wagon Road to Evans,08:08:00,09:05:00
Saturday,eb378def-cf2c-54c6-a344-b1d5a02c8a67,SA Times,27,Northbound,16,Northbound: Englewood to Westminster Station,08:00:00,08:47:00
Saturday,03b6ada4-8533-5ca6-9c30-ed3c76f94bd7,SA Times,28,Southbound,13,Southbound: Westminster Station to Englewood,08:35:30,09:23:30
Saturday,0ba04628-53ac-5c31-b401-41a7f76aa359,SA Times,28,Northbound,29,Northbound: Evans to Wagon Road,08:18:30,09:15:30
Saturday,ff513588-0b64-53bc-bfc4-b009aa336e7e,SA Times,29,Southbound,27,Southbound: Wagon Road to Evans,08:23:00,09:20:00
Saturday,a5a7b12d-f628-5a13-9c92-5b9e6121fe12,SA Times,29,Northbound,17,Northbound: Englewood to Westminster Station,08:15:00,09:02:00
Saturday,31dfd105-9449-500b-914b-fbb0733bef60,SA Times,30,Southbound,15,Southbound: Westminster Station to Englewood,08:50:30,09:38:30
Saturday,74c84dce-98a5-5788-a808-64523f09daa4,SA Times,30,Northbound,21,Northbound: Evans to Wagon Road,08:33:30,09:30:30
Saturday,ee8e404f-9856-5582-a5ef-f89baa425a85,SA Times,31,Southbound,28,Southbound: Wagon Road to Evans,08:38:00,09:35:00
Saturday,52726d78-c290-5fed-9f44-adb07d613ef9,SA Times,31,Northbound,18,Northbound: Englewood to Westminster Station,08:30:00,09:17:00
Saturday,aa91c96d-c528-5f98-9d9f-b82b39f02ad4,SA Times,32,Southbound,16,Southbound: Westminster Station to Englewood,09:05:30,09:53:30
Saturday,32def259-ba96-5857-a334-590f135c3ca0,SA Times,32,Northbound,26,Northbound: Evans to Wagon Road,08:48:30,09:45:30
Saturday,09fba98d-29df-508d-84b8-d56f03fd28a2,SA Times,33,Southbound,22,Southbound: Wagon Road to Evans,08:53:00,09:50:00
Saturday,85b6cc69-06e6-5eda-8443-5ac675bac97e,SA Times,33,Northbound,12,Northbound: Englewood to Westminster Station,08:45:00,09:32:00
Saturday,845486ad-be54-5e24-82e5-fc94ae4e1182,SA Times,34,Southbound,17,Southbound: Westminster Station to Englewood,09:20:30,10:08:30
Saturday,868aee6e-a7e4-5ae6-8855-3e1746cc496c,SA Times,34,Northbound,23,Northbound: Evans to Wagon Road,09:03:30,10:00:30
Saturday,bb6b2750-1e96-518d-b021-a16899e9a355,SA Times,35,Southbound,24,Southbound: Wagon Road to Evans,09:08:00,10:05:00
Saturday,553d9d05-7bfe-5e2d-844e-dbedbea113ed,SA Times,35,Northbound,11,Northbound: Englewood to Westminster Station,09:00:00,09:47:00
Saturday,896ccdb2-e5a9-5e5f-979b-eafbf2a35211,SA Times,36,Southbound,18,Southbound: Westminster Station to Englewood,09:35:30,10:23:30
Saturday,564e0230-216d-54ef-b59f-b2831ebd7bba,SA Times,36,Northbound,25,Northbound: Evans to Wagon Road,09:18:30,10:15:30
Saturday,0a7f2604-4d8c-59b2-bff1-d3e4c3ad534b,SA Times,37,Southbound,29,Southbound: Wagon Road to Evans,09:23:00,10:20:00
Saturday,7f8c0cc6-60ea-59ec-a522-1acb7358a243,SA Times,37,Northbound,14,Northbound: Englewood to Westminster Station,09:15:00,10:02:00
Saturday,dbd4ba6d-beb7-5304-bd30-a1fe9747c107,SA Times,38,Southbound,12,Southbound: Westminster Station to Englewood,09:50:30,10:38:30
Saturday,d8a68f18-7f80-53a3-bceb-eee6232884f4,SA Times,38,Northbound,27,Northbound: Evans to Wagon Road,09:33:30,10:30:30
Saturday,7671b5bb-fc1e-5daa-ba9a-6bb72a7bb67c,SA Times,39,Southbound,21,Southbound: Wagon Road to Evans,09:38:00,10:35:00
Saturday,5419ee66-d130-56b0-935a-e69805255bc8,SA Times,39,Northbound,13,Northbound: Englewood to Westminster Station,09:30:00,10:17:00
Saturday,a5580ca9-2db1-5571-be5c-c36321506db5,SA Times,40,Southbound,11,Southbound: Westminster Station to Englewood,10:05:30,10:53:30
Saturday,3ff2b212-14ea-5744-a59b-cdc416e7a75d,SA Times,40,Northbound,28,Northbound: Evans to Wagon Road,09:48:30,10:45:30
Saturday,7c7184ad-7dde-5ce4-b600-20fc27efe297,SA Times,41,Southbound,26,Southbound: Wagon Road to Evans,09:53:00,10:50:00
Saturday,0a93c6ab-d341-5695-b765-530eee167b2a,SA Times,41,Northbound,15,Northbound: Englewood to Westminster Station,09:45:00,10:32:00
Saturday,68d7e775-f477-5a03-acde-d67cc98f3e81,SA Times,42,Southbound,14,Southbound: Westminster Station to Englewood,10:20:30,11:08:30
Saturday,fa5ba550-5599-5f03-822f-d1a8ff67f5fc,SA Times,42,Northbound,22,Northbound: Evans to Wagon Road,10:03:30,11:00:30
Saturday,32786ed4-4716-51c7-9718-c2219b70f926,SA Times,43,Southbound,23,Southbound: Wagon Road to Evans,10:08:00,11:05:00
Saturday,2e1ef3be-8917-5c35-9a2d-37fc78ad7fc3,SA Times,43,Northbound,16,Northbound: Englewood to Westminster Station,10:00:00,10:47:00
Saturday,a352d92c-03b9-59ab-a387-2a0c1a8fd735,SA Times,44,Southbound,13,Southbound: Westminster Station to Englewood,10:35:30,11:23:30
Saturday,81d9f526-fe2d-5611-82c1-cb46ebc697d2,SA Times,44,Northbound,24,Northbound: Evans to Wagon Road,10:18:30,11:15:30
Saturday,eee6c1e0-eb3d-5b91-ab50-08b8bcca1ce7,SA Times,45,Southbound,25,Southbound: Wagon Road to Evans,10:23:00,11:20:00
Saturday,ce326e1b-8deb-5727-88a4-790af987b4c4,SA Times,45,Northbound,17,Northbound: Englewood to Westminster Station,10:15:00,11:02:00
Saturday,d8fb03b5-023b-5998-b2f4-804db2f4284c,SA Times,46,Southbound,15,Southbound: Westminster Station to Englewood,10:50:30,11:38:30
Saturday,ee6937fb-d0c8-5026-a647-f72e8867bbd5,SA Times,46,Northbound,29,Northbound: Evans to Wagon Road,10:33:30,11:30:30
Saturday,73599713-1afb-5132-839b-56c5aa881793,SA Times,47,Southbound,27,Southbound: Wagon Road to Evans,10:38:00,11:35:00
Saturday,f0c0f039-473e-5fad-8356-53c2468c7f26,SA Times,47,Northbound,18,Northbound: Englewood to Westminster Station,10:30:00,11:17:00
Saturday,69203ca4-6956-5977-ae94-61672aff0ed6,SA Times,48,Southbound,16,Southbound: Westminster Station to Englewood,11:05:30,11:53:30
Saturday,1e036bbb-e4e9-590f-912f-0c5b5765eb58,SA Times,48,Northbound,21,Northbound: Evans to Wagon Road,10:48:30,11:45:30
Saturday,5a2de49b-33fc-5169-bb28-fb88e9461188,SA Times,49,Southbound,28,Southbound: Wagon Road to Evans,10:53:00,11:50:00
Saturday,4b64158f-6e71-5169-b033-0644d12d0ec8,SA Times,49,Northbound,12,Northbound: Englewood to Westminster Station,10:45:00,11:32:00
Saturday,bb30130d-2769-5af7-9c6f-d689222422d5,SA Times,50,Southbound,17,Southbound: Westminster Station to Englewood,11:20:30,12:08:30
Saturday,bd1f09e5-c4b9-5de1-a031-46691759e80e,SA Times,50,Northbound,26,Northbound: Evans to Wagon Road,11:03:30,12:00:30
Saturday,69c53cd6-e416-5c0b-8bcc-483a48d8b358,SA Times,51,Southbound,22,Southbound: Wagon Road to Evans,11:08:00,12:05:00
Saturday,f026c984-0e33-5568-9a76-2158c09e49c1,SA Times,51,Northbound,11,Northbound: Englewood to Westminster Station,11:00:00,11:47:00
Saturday,3a02d567-92df-57b6-a5f7-5100b38175f3,SA Times,52,Southbound,18,Southbound: Westminster Station to Englewood,11:35:30,12:23:30
Saturday,3fbcb7b2-bf4a-5902-bb16-1241c72f2839,SA Times,52,Northbound,23,Northbound: Evans to Wagon Road,11:18:30,12:15:30
Saturday,84a7236b-1bb5-51ae-8469-6a31e875efe9,SA Times,53,Southbound,24,Southbound: Wagon Road to Evans,11:23:00,12:20:00
Saturday,107f07cf-bc50-51b3-be2f-5e22d2eb6f4e,SA Times,53,Northbound,14,Northbound: Englewood to Westminster Station,11:15:00,12:02:00
Saturday,81beb6e6-006f-5988-a11a-ded2526b2655,SA Times,54,Southbound,12,Southbound: Westminster Station to Englewood,11:50:30,12:38:30
Saturday,18d8ae55-6124-5d6b-9097-e99b224aa92e,SA Times,54,Northbound,25,Northbound: Evans to Wagon Road,11:33:30,12:30:30
Saturday,1acb53e2-c4b6-596a-aacb-f2ee7d8dddd3,SA Times,55,Southbound,29,Southbound: Wagon Road to Evans,11:38:00,12:35:00
Saturday,08d7cc2e-3759-59f7-a8d2-5f68c09b75f2,SA Times,55,Northbound,13,Northbound: Englewood to Westminster Station,11:30:00,12:17:00
Saturday,eba494aa-0c42-5d6d-a0f3-281b2ce2adc2,SA Times,56,Southbound,11,Southbound: Westminster Station to Englewood,12:05:30,12:53:30
Saturday,3e0c616a-e563-56c7-b433-450e759604ec,SA Times,56,Northbound,27,Northbound: Evans to Wagon Road,11:48:30,12:45:30
Saturday,bc8c9e96-2e59-5156-af71-59f78c86a513,SA Times,57,Southbound,21,Southbound: Wagon Road to Evans,11:53:00,12:50:00
Saturday,e16d18a8-1c07-5772-9603-dc8f21095755,SA Times,57,Northbound,15,Northbound: Englewood to Westminster Station,11:45:00,12:32:00
Saturday,3ae78845-04a7-5a84-a66f-258bf4cd02a9,SA Times,58,Southbound,14,Southbound: Westminster Station to Englewood,12:20:30,13:08:30
Saturday,4ccdd0ad-4771-5b00-98ed-44db53931156,SA Times,58,Northbound,28,Northbound: Evans to Wagon Road,12:03:30,13:00:30
Saturday,9b3b3d80-0ce8-5c7d-bccb-50b1be5fe102,SA Times,59,Southbound,26,Southbound: Wagon Road to Evans,12:08:00,13:05:00
Saturday,6cf35b4e-d334-5d49-a99e-ba94e7f3d015,SA Times,59,Northbound,16,Northbound: Englewood to Westminster Station,12:00:00,12:47:00
Saturday,5b03576b-0a3b-56bb-8dee-9f6f82b20ed8,SA Times,60,Southbound,13,Southbound: Westminster Station to Englewood,12:35:30,13:23:30
Saturday,be78efd9-3e0f-55da-a45a-b6d11ebd5275,SA Times,60,Northbound,22,Northbound: Evans to Wagon Road,12:18:30,13:15:30
Saturday,b9d34116-e4d8-5142-90ea-9b319a9442b7,SA Times,61,Southbound,23,Southbound: Wagon Road to Evans,12:23:00,13:20:00
Saturday,cd314397-e285-5d8e-9f32-3ebd7f37bffe,SA Times,61,Northbound,17,Northbound: Englewood to Westminster Station,12:15:00,13:02:00
Saturday,96c6ae35-77c6-57b0-8328-180c6fe6094d,SA Times,62,Southbound,15,Southbound: Westminster Station to Englewood,12:50:30,13:38:30
Saturday,16adedfe-918f-56fe-a204-9a3cab871271,SA Times,62,Northbound,24,Northbound: Evans to Wagon Road,12:33:30,13:30:30
Saturday,1583aafe-e593-50bb-bb1b-0f15de3236da,SA Times,63,Southbound,25,Southbound: Wagon Road to Evans,12:38:00,13:35:00
Saturday,37d374c5-fb0f-5e28-a62d-6845203c5378,SA Times,63,Northbound,18,Northbound: Englewood to Westminster Station,12:30:00,13:17:00
Saturday,f06356cb-bc25-535d-b21f-2856aa3cebb2,SA Times,64,Southbound,16,Southbound: Westminster Station to Englewood,13:05:30,13:53:30
Saturday,c1b38281-31a9-5d0f-873d-886be9859f35,SA Times,64,Northbound,29,Northbound: Evans to Wagon Road,12:48:30,13:45:30
Saturday,c4f2abb8-c127-5556-9330-1b4fcad226fd,SA Times,65,Southbound,27,Southbound: Wagon Road to Evans,12:53:00,13:50:00
Saturday,30301b37-f96a-5b99-b715-dc882434d109,SA Times,65,Northbound,12,Northbound: Englewood to Westminster Station,12:45:00,13:32:00
Saturday,01edf8f8-2624-5ed9-aea4-6cf4372b0139,SA Times,66,Southbound,17,Southbound: Westminster Station to Englewood,13:20:30,14:08:30
Saturday,dce5c8c5-6e21-53cd-9576-63cf9dad715f,SA Times,66,Northbound,21,Northbound: Evans to Wagon Road,13:03:30,14:00:30
Saturday,552c7437-1f4f-5817-88b0-cd3d21895fd6,SA Times,67,Southbound,28,Southbound: Wagon Road to Evans,13:08:00,14:05:00
Saturday,a17531d6-c201-5cb5-aacf-ef1ad290240c,SA Times,67,Northbound,11,Northbound: Englewood to Westminster Station,13:00:00,13:47:00
Saturday,d6a98b22-f3f2-5c34-9e47-ef78cb38c1b8,SA Times,68,Southbound,18,Southbound: Westminster Station to Englewood,13:35:30,14:23:30
Saturday,9016de58-3a02-5675-9c4a-ab1355cfeff2,SA Times,68,Northbound,26,Northbound: Evans to Wagon Road,13:18:30,14:15:30
Saturday,2b5f07e0-ebb4-5327-b764-c83e6de2e019,SA Times,69,Southbound,22,Southbound: Wagon Road to Evans,13:23:00,14:20:00
Saturday,85e967c6-e783-5051-b985-330b6408259a,SA Times,69,Northbound,14,Northbound: Englewood to Westminster Station,13:15:00,14:02:00
Saturday,998e35db-0c5d-5a9e-aa3f-00426baf8b82,SA Times,70,Southbound,12,Southbound: Westminster Station to Englewood,13:50:30,14:38:30
Saturday,ebb25a6c-3eb5-5269-aa24-2a905ef7dade,SA Times,70,Northbound,23,Northbound: Evans to Wagon Road,13:33:30,14:30:30
Saturday,f8bd81d7-8eba-58b3-9e3b-a6e1b03681bd,SA Times,71,Southbound,24,Southbound: Wagon Road to Evans,13:38:00,14:35:00
Saturday,6eb03b4b-6a2d-5652-b7d8-154608b81a29,SA Times,71,Northbound,13,Northbound: Englewood to Westminster Station,13:30:00,14:17:00
Saturday,8346424b-45ba-5ffa-89bf-38b816cb751c,SA Times,72,Southbound,11,Southbound: Westminster Station to Englewood,14:05:30,14:53:30
Saturday,9fc48296-d17b-5bb3-91ab-b793a32dac24,SA Times,72,Northbound,25,Northbound: Evans to Wagon Road,13:48:30,14:45:30
Saturday,14e3674a-51cc-5681-80f3-ca644d2c0a33,SA Times,73,Southbound,29,Southbound: Wagon Road to Evans,13:53:00,14:50:00
Saturday,c31ee328-a555-5eb4-874e-e2a705436e55,SA Times,73,Northbound,15,Northbound: Englewood to Westminster Station,13:45:00,14:32:00
Saturday,09e04ffc-a1a6-534a-8f12-f0858c0a9dcc,SA Times,74,Southbound,14,Southbound: Westminster Station to Englewood,14:20:30,15:08:30
Saturday,9bdff599-89b5-592c-8a88-e3fafb50accd,SA Times,74,Northbound,27,Northbound: Evans to Wagon Road,14:03:30,15:00:30
Saturday,5216d25f-de5b-590e-b70a-bd38596203c2,SA Times,75,Southbound,21,Southbound: Wagon Road to Evans,14:08:00,15:05:00
Saturday,caa60d18-c10e-5bfa-9035-cf85eb7cbc8c,SA Times,75,Northbound,16,Northbound: Englewood to Westminster Station,14:00:00,14:47:00
Saturday,1daacc60-e4ca-5d28-8946-c6deddd500fd,SA Times,76,Southbound,13,Southbound: Westminster Station to Englewood,14:35:30,15:23:30
Saturday,e8b2ccd9-4d56-53a4-8ba2-96f706928a74,SA Times,76,Northbound,28,Northbound: Evans to Wagon Road,14:18:30,15:15:30
Saturday,02803ccf-8d10-5051-8e87-615c067da549,SA Times,77,Southbound,26,Southbound: Wagon Road to Evans,14:23:00,15:20:00
Saturday,d96a11e2-06dc-5940-854e-bf70360183fe,SA Times,77,Northbound,17,Northbound: Englewood to Westminster Station,14:15:00,15:02:00
Saturday,3c69c650-7681-5d54-811c-f3566f734a07,SA Times,78,Southbound,15,Southbound: Westminster Station to Englewood,14:50:30,15:38:30
Saturday,0ffc9d2f-ca4b-5ba5-b784-e4697a8cdd2e,SA Times,78,Northbound,22,Northbound: Evans to Wagon Road,14:33:30,15:30:30
Saturday,088ad6fd-bfd1-5b4a-a6f9-8e8f1e5192a0,SA Times,79,Southbound,23,Southbound: Wagon Road to Evans,14:38:00,15:35:00
Saturday,adc0e986-034b-5ada-9948-82285f5da9ec,SA Times,79,Northbound,18,Northbound: Englewood to Westminster Station,14:30:00,15:17:00
Saturday,c776d9de-3c21-5a5d-8d2c-48bd5720430b,SA Times,80,Southbound,16,Southbound: Westminster Station to Englewood,15:05:30,15:53:30
Saturday,6cac4fcd-dc7e-562a-bf77-2f8344951893,SA Times,80,Northbound,24,Northbound: Evans to Wagon Road,14:48:30,15:45:30
Saturday,e70ab1d0-c496-5667-a7ed-0cd9b7c4adbc,SA Times,81,Southbound,25,Southbound: Wagon Road to Evans,14:53:00,15:50:00
Saturday,3e8eefc7-ca5f-53aa-8374-6899cff504b3,SA Times,81,Northbound,12,Northbound: Englewood to Westminster Station,14:45:00,15:32:00
Saturday,4f4d9939-762a-5c13-beb7-e8f8421fd94b,SA Times,82,Southbound,17,Southbound: Westminster Station to Englewood,15:20:30,16:08:30
Saturday,e185f05c-e447-5314-adbf-afeec13f7aeb,SA Times,82,Northbound,29,Northbound: Evans to Wagon Road,15:03:30,16:00:30
Saturday,81e80299-6d4d-5cb5-ab82-51bf492d43e2,SA Times,83,Southbound,27,Southbound: Wagon Road to Evans,15:08:00,16:05:00
Saturday,3e531891-520f-5cce-ac18-907c1940cce1,SA Times,83,Northbound,11,Northbound: Englewood to Westminster Station,15:00:00,15:47:00
Saturday,867adcdb-d86f-5fde-aee5-3cde11fef6f3,SA Times,84,Southbound,18,Southbound: Westminster Station to Englewood,15:35:30,16:23:30
Saturday,c5315602-418f-5f13-af10-b3b9438db035,SA Times,84,Northbound,21,Northbound: Evans to Wagon Road,15:18:30,16:15:30
Saturday,aa7a5253-7ba5-5379-b3b7-16a6a876e8b6,SA Times,85,Southbound,28,Southbound: Wagon Road to Evans,15:23:00,16:20:00
Saturday,cb53fee2-f109-56c6-8c9b-d931358342d6,SA Times,85,Northbound,14,Northbound: Englewood to Westminster Station,15:15:00,16:02:00
Saturday,e6f866c2-cb3e-599e-89a8-7a655e9bbf2d,SA Times,86,Southbound,12,Southbound: Westminster Station to Englewood,15:50:30,16:38:30
Saturday,32cb11a0-9843-5946-9bb7-b73489dd3385,SA Times,86,Northbound,26,Northbound: Evans to Wagon Road,15:33:30,16:30:30
Saturday,fbbc3d8c-8643-5a47-9da2-982dd218eaa0,SA Times,87,Southbound,22,Southbound: Wagon Road to Evans,15:38:00,16:35:00
Saturday,ac167596-d555-5103-ad5c-5096378a2494,SA Times,87,Northbound,13,Northbound: Englewood to Westminster Station,15:30:00,16:17:00
Saturday,1416b78a-c74c-52dd-85cc-5cf5a0202719,SA Times,88,Southbound,11,Southbound: Westminster Station to Englewood,16:05:30,16:53:30
Saturday,d308c2ac-ff02-5a30-90e0-cd6ee8ac1226,SA Times,88,Northbound,23,Northbound: Evans to Wagon Road,15:48:30,16:45:30
Saturday,05e02c84-cf10-5347-aef4-f387188f4baf,SA Times,89,Southbound,24,Southbound: Wagon Road to Evans,15:53:00,16:50:00
Saturday,f1cc2f2f-417d-59a0-bae9-67a55da0d452,SA Times,89,Northbound,15,Northbound: Englewood to Westminster Station,15:45:00,16:32:00
Saturday,3e65f43e-7b10-5064-ad41-e4fd2b2f519c,SA Times,90,Southbound,14,Southbound: Westminster Station to Englewood,16:20:30,17:08:30
Saturday,2ba66ed5-35a9-5319-adf3-440a4519c953,SA Times,90,Northbound,25,Northbound: Evans to Wagon Road,16:03:30,17:00:30
Saturday,cf238d10-99b5-5d5d-9a2a-7391f89654f5,SA Times,91,Southbound,29,Southbound: Wagon Road to Evans,16:08:00,17:05:00
Saturday,ac5d4f93-beb8-5601-92b4-fc5a3d0b2918,SA Times,91,Northbound,16,Northbound: Englewood to Westminster Station,16:00:00,16:47:00
Saturday,a2058963-91b6-59f3-94ea-3d3093d79993,SA Times,92,Southbound,13,Southbound: Westminster Station to Englewood,16:35:30,17:23:30
Saturday,1476007b-0bf9-5f92-8a3f-e90899f60edb,SA Times,92,Northbound,27,Northbound: Evans to Wagon Road,16:18:30,17:15:30
Saturday,2684bf8b-314c-5f82-b6ba-d15870279f89,SA Times,93,Southbound,21,Southbound: Wagon Road to Evans,16:23:00,17:20:00
Saturday,03a52690-26fc-5429-9e51-6e380642f49b,SA Times,93,Northbound,17,Northbound: Englewood to Westminster Station,16:15:00,17:02:00
Saturday,6789bb69-2945-5787-9d2c-7cf5f3e68904,SA Times,94,Southbound,15,Southbound: Westminster Station to Englewood,16:50:30,17:38:30
Saturday,03a12529-1d33-5c2a-a90b-115a0a0cfeb3,SA Times,94,Northbound,28,Northbound: Evans to Wagon Road,16:33:30,17:30:30
Saturday,9f98abde-b754-5b5e-9754-d3a286314e92,SA Times,95,Southbound,26,Southbound: Wagon Road to Evans,16:38:00,17:35:00
Saturday,3ca61390-346d-5f1c-9558-c616ca75b21a,SA Times,95,Northbound,18,Northbound: Englewood to Westminster Station,16:30:00,17:17:00
Saturday,ba239c59-6ec2-5b05-a9f5-3f8c39beddf8,SA Times,96,Southbound,16,Southbound: Westminster Station to Englewood,17:05:30,17:53:30
Saturday,62fddcef-33d3-5acc-989d-3b1fb371c9b4,SA Times,96,Northbound,22,Northbound: Evans to Wagon Road,16:48:30,17:45:30
Saturday,b2da1565-f950-5400-adf0-68a657a3f40a,SA Times,97,Southbound,23,Southbound: Wagon Road to Evans,16:53:00,17:50:00
Saturday,514dae48-19e3-52dd-a272-245463fe3d5b,SA Times,97,Northbound,12,Northbound: Englewood to Westminster Station,16:45:00,17:32:00
Saturday,2f159ff2-861d-5d93-a8a7-8ecdd541fef1,SA Times,98,Southbound,17,Southbound: Westminster Station to Englewood,17:20:30,18:08:30
Saturday,3844d3c2-6a26-5d7b-b81a-a41747955028,SA Times,98,Northbound,24,Northbound: Evans to Wagon Road,17:03:30,18:00:30
Saturday,d6c195d7-018b-580d-a775-8138a381fbaf,SA Times,99,Southbound,25,Southbound: Wagon Road to Evans,17:08:00,18:05:00
Saturday,345d0f31-4478-5497-a6fb-c206f484e865,SA Times,99,Northbound,11,Northbound: Englewood to Westminster Station,17:00:00,17:47:00
Saturday,489cc6ff-f2e2-5394-afd1-17704e987a04,SA Times,100,Southbound,18,Southbound: Westminster Station to Englewood,17:35:30,18:23:30
Saturday,f59626cf-4ce2-5d98-a031-e2f645466071,SA Times,100,Northbound,29,Northbound: Evans to Wagon Road,17:18:30,18:15:30
Saturday,27930c26-f6eb-58ce-bc97-0964ccb6f0a7,SA Times,101,Southbound,27,Southbound: Wagon Road to Evans,17:23:00,18:20:00
Saturday,afca6308-b497-585e-a9a8-02f6e0b04149,SA Times,101,Northbound,14,Northbound: Englewood to Westminster Station,17:15:00,18:02:00
Saturday,c920b5be-638c-54d6-8ba1-d1dc91335074,SA Times,102,Southbound,12,Southbound: Westminster Station to Englewood,17:50:30,18:38:30
Saturday,a13baf92-f613-55b8-b566-5255e9a63de8,SA Times,102,Northbound,21,Northbound: Evans to Wagon Road,17:33:30,18:30:30
Saturday,983d7fbc-0271-59b3-ae8d-284932374603,SA Times,103,Southbound,28,Southbound: Wagon Road to Evans,17:38:00,18:35:00
Saturday,1aa122af-fea9-5706-869f-f2355ed9e9f3,SA Times,103,Northbound,13,Northbound: Englewood to Westminster Station,17:30:00,18:17:00
Saturday,a6eb5520-00da-57d7-8695-bee57959f127,SA Times,104,Southbound,11,Southbound: Westminster Station to Englewood,18:05:30,18:53:30
Saturday,49df5793-a27e-5179-85e4-c43bc8b1e3db,SA Times,104,Northbound,26,Northbound: Evans to Wagon Road,17:48:30,18:45:30
Saturday,523652a9-9967-5b52-8f2b-4b90c191346d,SA Times,105,Southbound,22,Southbound: Wagon Road to Evans,17:53:00,18:50:00
Saturday,1ed8f167-42e5-5b62-b648-4ffd2d620a9b,SA Times,105,Northbound,15,Northbound: Englewood to Westminster Station,17:45:00,18:32:00
Saturday,c06f712d-60d7-537f-be46-7db83042004e,SA Times,106,Southbound,14,Southbound: Westminster Station to Englewood,18:20:30,19:08:30
Saturday,a0181e92-b356-5e11-9440-475a6f9cba49,SA Times,106,Northbound,23,Northbound: Evans to Wagon Road,18:03:30,19:00:30
Saturday,50dd59b3-33d6-58c2-b9cd-fb9091292557,SA Times,107,Southbound,24,Southbound: Wagon Road to Evans,18:08:00,19:05:00
Saturday,14d1e3d5-586f-5f43-8b7f-b4d60157af58,SA Times,107,Northbound,16,Northbound: Englewood to Westminster Station,18:00:00,18:47:00
Saturday,321a93bb-fb40-52fd-8d97-ee9f16e400d0,SA Times,108,Southbound,13,Southbound: Westminster Station to Englewood,18:35:30,19:23:30
Saturday,e228506b-c015-54c7-99f0-c4189e7360f3,SA Times,108,Northbound,25,Northbound: Evans to Wagon Road,18:18:30,19:15:30
Saturday,4dd6548a-d191-5e16-a1a9-078e409395fb,SA Times,109,Southbound,29,Southbound: Wagon Road to Evans,18:23:00,19:20:00
Saturday,dc560014-799c-5703-a412-17f6a0695d29,SA Times,109,Northbound,17,Northbound: Englewood to Westminster Station,18:15:00,19:02:00
Saturday,d18d5de1-6c6f-5b8c-bee4-6fd7df81607f,SA Times,110,Southbound,15,Southbound: Westminster Station to Englewood,18:50:30,19:38:30
Saturday,5e54fda0-e6ab-5b89-8bb2-0c36e68b55c2,SA Times,110,Northbound,27,Northbound: Evans to Wagon Road,18:33:30,19:30:30
Saturday,d21e5b54-9cd2-5c44-bdc3-30843b1f568a,SA Times,111,Southbound,21,Southbound: Wagon Road to Evans,18:38:00,19:35:00
Saturday,ec0b112f-c593-5a20-97d1-bdce8244553f,SA Times,111,Northbound,18,Northbound: Englewood to Westminster Station,18:30:00,19:17:00
Saturday,cb1eb551-7836-5bb1-aacf-62711130646b,SA Times,112,Southbound,16,Southbound: Westminster Station to Englewood,19:05:30,19:53:30
Saturday,f07d63c5-9a1d-52f6-8d3c-df138921548a,SA Times,112,Northbound,28,Northbound: Evans to Wagon Road,18:48:30,19:45:30
Saturday,9a47d01c-7da1-5cdb-b448-a26bb667ca84,SA Times,113,Southbound,26,Southbound: Wagon Road to Evans,18:53:00,19:50:00
Saturday,c233c678-2362-5d92-8552-c4c5d879209b,SA Times,113,Northbound,12,Northbound: Englewood to Westminster Station,18:45:00,19:32:00
Saturday,f14c5ccc-5e76-5904-bbda-16d234136c4a,SA Times,114,Southbound,17,Southbound: Westminster Station to Englewood,19:20:30,20:08:30
Saturday,20f8fc4d-a8f4-528f-ad4f-5e3acfe56fe2,SA Times,114,Northbound,22,Northbound: Evans to Wagon Road,19:03:30,20:00:30
Saturday,f590adee-ed72-5d23-bfa7-7776df142cb1,SA Times,115,Southbound,23,Southbound: Wagon Road to Evans,19:08:00,20:05:00
Saturday,0f569b18-3552-54a9-b5d6-48c13bb7a678,SA Times,115,Northbound,11,Northbound: Englewood to Westminster Station,19:00:00,19:47:00
Saturday,144130df-e198-5cfd-b594-92ca2eadccbe,SA Times,116,Southbound,18,Southbound: Westminster Station to Englewood,19:35:30,20:23:30
Saturday,48223ad1-f3b9-5fab-be6e-bb9460647e11,SA Times,116,Northbound,24,Northbound: Evans to Wagon Road,19:18:30,20:15:30
Saturday,73c84d54-09ec-5644-9ae2-790b59b943bc,SA Times,117,Southbound,25,Southbound: Wagon Road to Evans,19:23:00,20:20:00
Saturday,c3b198f2-e35e-5719-9481-37a5165afc19,SA Times,117,Northbound,14,Northbound: Englewood to Westminster Station,19:15:00,20:02:00
Saturday,393aff55-14f0-570a-a615-5ee5a3431077,SA Times,118,Southbound,11,Southbound: Westminster Station to Englewood,19:58:00,20:46:00
Saturday,e4d65569-acbb-5916-884e-d33bf81799cd,SA Times,118,Northbound,29,Northbound: Evans to Wagon Road,19:41:00,20:38:00
Saturday,cbd9fdb5-da85-5e3a-b2ba-b8f9b0a39e4c,SA Times,119,Southbound,28,Southbound: Wagon Road to Evans,19:53:00,20:50:00
Saturday,7af82206-3d15-5444-9459-218c28070d0c,SA Times,119,Northbound,15,Northbound: Englewood to Westminster Station,19:45:00,20:32:00
Saturday,2041b821-625b-55cc-8c32-18e5c93fa91e,SA Times,120,Southbound,14,Southbound: Westminster Station to Englewood,20:28:00,21:16:00
Saturday,821d90db-cfb8-5df7-8148-44b38a5ecb52,SA Times,120,Northbound,26,Northbound: Evans to Wagon Road,20:11:00,21:08:00
Saturday,9000a178-be90-541a-801b-7e7bdab10df2,SA Times,121,Southbound,24,Southbound: Wagon Road to Evans,20:23:00,21:20:00
Saturday,832a8248-7ce7-5c03-a0e7-bfe45b4a6bdf,SA Times,121,Northbound,17,Northbound: Englewood to Westminster Station,20:15:00,21:02:00
Saturday,aa1c4476-0f60-50b9-8f16-21bca27c0c49,SA Times,122,Southbound,15,Southbound: Westminster Station to Englewood,20:58:00,21:46:00
Saturday,7ff4998b-6873-5e30-8414-c797e4aa12e3,SA Times,122,Northbound,25,Northbound: Evans to Wagon Road,20:41:00,21:38:00
Saturday,6a6b23ec-7611-54b5-9672-b66b69b800b4,SA Times,123,Southbound,29,Southbound: Wagon Road to Evans,20:53:00,21:50:00
Saturday,c5e48bee-78e5-5688-aac6-a5f9c6786c12,SA Times,123,Northbound,18,Northbound: Englewood to Westminster Station,20:45:00,21:32:00
Saturday,8667db21-c9e8-511c-8fcb-ae4ceeda5237,SA Times,124,Southbound,17,Southbound: Westminster Station to Englewood,21:28:00,22:16:00
Saturday,de2703c1-2c89-523f-a98b-1cc532d9b1f5,SA Times,124,Northbound,28,Northbound: Evans to Wagon Road,21:11:00,22:08:00
Saturday,16a39df7-0c18-5f0f-aa5c-7357e8790f9e,SA Times,125,Southbound,26,Southbound: Wagon Road to Evans,21:23:00,22:20:00
Saturday,83386009-9e4c-592a-ba83-c487f5044600,SA Times,125,Northbound,11,Northbound: Englewood to Westminster Station,21:15:00,22:02:00
Saturday,a537f799-068f-533c-bb9e-9ca4bcccaaae,SA Times,126,Southbound,18,Southbound: Westminster Station to Englewood,21:58:00,22:46:00
Saturday,715d7473-31bc-56c4-a4ee-7c6dac8a46d0,SA Times,126,Northbound,24,Northbound: Evans to Wagon Road,21:41:00,22:38:00
Saturday,ed2cb96d-c76b-5926-a1a6-a2532ea74cfb,SA Times,127,Southbound,25,Southbound: Wagon Road to Englewood,21:56:00,22:59:00
Saturday,3d86701d-63f9-5f79-8b9a-2a85185ca583,SA Times,127,Northbound,15,Northbound: Englewood to Wagon Road,22:01:00,23:05:00
Saturday,170b827d-1e2b-5c83-831d-93c4f6fab804,SA Times,128,Southbound,28,Southbound: Wagon Road to Englewood,22:26:00,23:29:00
Saturday,c7a87b0a-d726-5155-86c7-8f10edb11f18,SA Times,128,Northbound,17,Northbound: Englewood to Wagon Road,22:31:00,23:35:00
Saturday,4d4c6c14-f541-599c-a52f-e890857a7a05,SA Times,129,Southbound,24,Southbound: Wagon Road to Englewood,22:56:00,23:59:00
Saturday,409fbce8-5ad1-5c38-8be0-57dd6d226e48,SA Times,129,Northbound,18,Northbound: Englewood to Wagon Road,23:01:00,24:05:00
Saturday,9ed4beca-dd97-5d95-9ff7-fab6d89e13db,SA Times,130,Southbound,15,Southbound: Wagon Road to Englewood,23:26:00,24:29:00
Saturday,89f236e7-d568-5134-b5a5-f4176661acb1,SA Times,130,Northbound,25,Northbound: Englewood to Wagon Road,23:31:00,24:35:00
Saturday,f98af6b9-78d1-5d5c-8a5a-05ecb95e47ce,SA Times,131,Southbound,17,Southbound: Wagon Road to Englewood,23:56:00,24:59:00
Saturday,73120db0-3aaa-5ab2-a4cc-a9f4a65c7112,SA Times,131,Northbound,28,Northbound: Englewood to Wagon Road,24:01:00,25:05:00
Saturday,03794591-9422-5f67-af56-c87391885de6,SA Times,132,Southbound,18,Southbound: Wagon Road to Englewood,24:26:00,25:29:00
Saturday,b8bc623f-fc2c-5690-973b-36f54bb2ac8e,SA Times,132,Northbound,24,Northbound: Englewood to Wagon Road,24:31:00,25:35:00
Saturday,c8a01231-cfde-5d19-aecb-57ed7ef5e9a6,SA Times,133,Southbound,25,Southbound: Wagon Road to Englewood,24:56:00,25:59:00
Saturday,4869ef9b-3653-5695-82fb-412211329135,SA Times,133,Northbound,15,Northbound: Englewood to Wagon Road,25:01:00,26:05:00
Saturday,a3d70a7b-3404-53cc-8c6b-071d65f47020,SA Times,134,Southbound,28,Southbound: Wagon Road to Englewood,25:26:00,26:29:00
Saturday,f2461875-ed23-5b00-b78b-917e1bd3adea,SA Times,134,Northbound,17,Northbound: Englewood to Westminster Station,25:31:00,26:15:00
Sunday,3ef41f69-b6e5-579a-bc13-64c729acd699,SU Times,5,Southbound,23,Southbound: Wagon Road to Evans,05:10:00,06:03:00
Sunday,b8f16d81-5e2c-532c-a566-24907641f988,SU Times,5,Northbound,11,Northbound: Englewood to Westminster Station,05:01:00,05:45:00
Sunday,5ae4214f-1c2d-567f-ba76-3b5c6c06d64b,SU Times,6,Southbound,12,Southbound: Westminster Station to Englewood,05:44:00,06:28:00
Sunday,f7f13d9c-9677-5881-a92a-3479a9ce5b9e,SU Times,6,Northbound,21,Northbound: Evans to Wagon Road,05:26:00,06:20:00
Sunday,a9c849a0-130f-59d8-99af-320c9fa99712,SU Times,7,Southbound,24,Southbound: Wagon Road to Evans,05:40:00,06:33:00
Sunday,f284411a-cd96-5738-87e8-2e3bd83668f5,SU Times,7,Northbound,13,Northbound: Englewood to Westminster Station,05:31:00,06:15:00
Sunday,6e120253-4054-542e-a93d-d52da27a2f6a,SU Times,8,Southbound,11,Southbound: Westminster Station to Englewood,06:14:00,06:58:00
Sunday,4a53d860-2fc1-5c01-a43e-4dec94d3116a,SU Times,8,Northbound,29,Northbound: Evans to Wagon Road,05:56:00,06:50:00
Sunday,bba6b07b-097d-555a-aa7b-8780db63b2ef,SU Times,9,Southbound,22,Southbound: Wagon Road to Evans,06:10:00,07:03:00
Sunday,4fa0996f-a3b5-5d3d-9ab5-06de1c98c490,SU Times,9,Northbound,14,Northbound: Englewood to Westminster Station,06:01:00,06:45:00
Sunday,5ba93e1f-b8a4-5abf-9ae4-0c866b44be31,SU Times,10,Southbound,13,Southbound: Westminster Station to Englewood,06:44:00,07:28:00
Sunday,0bd65e11-0c76-52df-98a1-c68780817045,SU Times,10,Northbound,23,Northbound: Evans to Wagon Road,06:26:00,07:20:00
Sunday,de493ac1-6dd6-53e7-987a-9de833f15b63,SU Times,11,Southbound,21,Southbound: Wagon Road to Evans,06:40:00,07:33:00
Sunday,9d40b4ef-888a-572c-8341-6452d6d070f9,SU Times,11,Northbound,15,Northbound: Englewood to Westminster Station,06:31:00,07:15:00
Sunday,31608479-3281-51a6-b20a-52bd7a1e9b88,SU Times,12,Southbound,14,Southbound: Westminster Station to Englewood,07:14:00,07:58:00
Sunday,ac929038-7908-5c06-9b5c-88d57b94f901,SU Times,12,Northbound,24,Northbound: Evans to Wagon Road,06:56:00,07:50:00
Sunday,fdac84c7-fd27-55ea-8e79-0a597266474f,SU Times,13,Southbound,29,Southbound: Wagon Road to Evans,07:10:00,08:03:00
Sunday,e238d980-1387-5c79-a539-72822ffa51c1,SU Times,13,Northbound,12,Northbound: Englewood to Westminster Station,07:01:00,07:45:00
Sunday,7ae45213-1a15-5df3-a39b-b0b900189d72,SU Times,14,Southbound,15,Southbound: Westminster Station to Englewood,07:44:00,08:28:00
Sunday,8d088396-9f10-50c7-a106-16d975031f94,SU Times,14,Northbound,22,Northbound: Evans to Wagon Road,07:26:00,08:20:00
Sunday,87871f8e-e33c-5f27-97ef-d6b05e9002fe,SU Times,15,Southbound,23,Southbound: Wagon Road to Evans,07:40:00,08:33:00
Sunday,90577a0c-f0ae-5b81-9f52-002b9993fc72,SU Times,15,Northbound,11,Northbound: Englewood to Westminster Station,07:31:00,08:15:00
Sunday,129403b5-d874-5b4a-9a6a-5e78dc6704cb,SU Times,16,Southbound,12,Southbound: Westminster Station to Englewood,08:14:00,08:58:00
Sunday,8608c177-6e18-5edc-b5f3-3ffc86b592d2,SU Times,16,Northbound,21,Northbound: Evans to Wagon Road,07:56:00,08:50:00
Sunday,663701f2-568a-529c-bddc-79d74e33dba0,SU Times,17,Southbound,24,Southbound: Wagon Road to Evans,08:10:00,09:03:00
Sunday,de2f093e-59ee-5f3d-bbcf-b64933f69e78,SU Times,17,Northbound,13,Northbound: Englewood to Westminster Station,08:01:00,08:45:00
Sunday,f3518d98-ff0d-5c3b-8445-ac0cf770fcd9,SU Times,18,Southbound,11,Southbound: Westminster Station to Englewood,08:35:30,09:23:30
Sunday,3e2a3ec8-5dc4-5eb4-a6c3-83a8e28dfff6,SU Times,18,Northbound,29,Northbound: Evans to Wagon Road,08:18:30,09:15:30
Sunday,27cf63f8-6fea-5b44-9b6b-eca1c4c647a1,SU Times,19,Southbound,25,Southbound: Wagon Road to Evans,08:23:00,09:20:00
Sunday,854458f8-27c1-5d85-8806-4974050fa8be,SU Times,19,Northbound,14,Northbound: Englewood to Westminster Station,08:15:00,09:02:00
Sunday,f45db6b6-4549-561e-ba37-0b6013a62725,SU Times,20,Southbound,16,Southbound: Westminster Station to Englewood,08:50:30,09:38:30
Sunday,26ba25f2-52b7-59d7-a581-2f4057d58ecf,SU Times,20,Northbound,26,Northbound: Evans to Wagon Road,08:33:30,09:30:30
Sunday,bdca5754-8e7a-5072-a78b-2537044ff446,SU Times,21,Southbound,22,Southbound: Wagon Road to Evans,08:38:00,09:35:00
Sunday,2be5a689-7d55-5847-b1bb-606e82aa6a83,SU Times,21,Northbound,17,Northbound: Englewood to Westminster Station,08:30:00,09:17:00
Sunday,11d8ce55-a502-5b1e-a4f8-4debbebcdf75,SU Times,22,Southbound,13,Southbound: Westminster Station to Englewood,09:05:30,09:53:30
Sunday,5118973f-e5b5-5851-9a6d-f237b87c2d32,SU Times,22,Northbound,23,Northbound: Evans to Wagon Road,08:48:30,09:45:30
Sunday,816e9111-3789-5716-81ff-d2ec3e8f4eaf,SU Times,23,Southbound,27,Southbound: Wagon Road to Evans,08:53:00,09:50:00
Sunday,f7b973be-a4cc-53be-a486-29651b1fbeca,SU Times,23,Northbound,15,Northbound: Englewood to Westminster Station,08:45:00,09:32:00
Sunday,7582e318-7b59-59f6-8e6d-def0a55fa66d,SU Times,24,Southbound,14,Southbound: Westminster Station to Englewood,09:20:30,10:08:30
Sunday,f5273457-b64c-5678-9403-8c9e5232ae17,SU Times,24,Northbound,28,Northbound: Evans to Wagon Road,09:03:30,10:00:30
Sunday,550e1146-25d0-553b-995d-2b44476ff1e1,SU Times,25,Southbound,21,Southbound: Wagon Road to Evans,09:08:00,10:05:00
Sunday,96d0d78a-b2cd-5f4e-afeb-900f54210edd,SU Times,25,Northbound,18,Northbound: Englewood to Westminster Station,09:00:00,09:47:00
Sunday,9245cfb8-81ff-5a8e-a6d0-c9df7ac04410,SU Times,26,Southbound,17,Southbound: Westminster Station to Englewood,09:35:30,10:23:30
Sunday,dc50adf9-c62c-57d2-9ff8-1775f1baa80a,SU Times,26,Northbound,24,Northbound: Evans to Wagon Road,09:18:30,10:15:30
Sunday,9a86e426-7883-5a24-a5ab-14585deca582,SU Times,27,Southbound,29,Southbound: Wagon Road to Evans,09:23:00,10:20:00
Sunday,e5991966-933c-5bf1-8508-457e09cee275,SU Times,27,Northbound,12,Northbound: Englewood to Westminster Station,09:15:00,10:02:00
Sunday,d07284de-6bf0-5e1e-a8a8-db96ced3ce72,SU Times,28,Southbound,15,Southbound: Westminster Station to Englewood,09:50:30,10:38:30
Sunday,fb0a83bc-e772-5082-ba25-2366b44fbb85,SU Times,28,Northbound,25,Northbound: Evans to Wagon Road,09:33:30,10:30:30
Sunday,3847c530-b6fa-578e-9d3e-b5fb365c6210,SU Times,29,Southbound,26,Southbound: Wagon Road to Evans,09:38:00,10:35:00
Sunday,ee2193a9-bc73-595d-9c8a-250c1f7a0408,SU Times,29,Northbound,11,Northbound: Englewood to Westminster Station,09:30:00,10:17:00
Sunday,946e977a-40c0-51cf-ba30-fc15bb240943,SU Times,30,Southbound,18,Southbound: Westminster Station to Englewood,10:05:30,10:53:30
Sunday,d0e37ce0-014a-5cd4-8838-597eba78c526,SU Times,30,Northbound,22,Northbound: Evans to Wagon Road,09:48:30,10:45:30
Sunday,4f71c9e0-5864-5f88-95cf-6621d3f68d63,SU Times,31,Southbound,23,Southbound: Wagon Road to Evans,09:53:00,10:50:00
Sunday,3be7de91-2fcb-52ba-ac01-8c836aa80b5c,SU Times,31,Northbound,16,Northbound: Englewood to Westminster Station,09:45:00,10:32:00
Sunday,1af33fb4-8dfd-5237-a924-340b0e733a11,SU Times,32,Southbound,12,Southbound: Westminster Station to Englewood,10:20:30,11:08:30
Sunday,790041f0-d0fb-5275-9fa3-34b2cdbd768c,SU Times,32,Northbound,27,Northbound: Evans to Wagon Road,10:03:30,11:00:30
Sunday,c45ea9d0-22a4-5033-955a-f22c0be6ff73,SU Times,33,Southbound,28,Southbound: Wagon Road to Evans,10:08:00,11:05:00
Sunday,5c48b37d-3869-5771-855f-62e0e4ce6f2f,SU Times,33,Northbound,13,Northbound: Englewood to Westminster Station,10:00:00,10:47:00
Sunday,b46d37a3-2483-5f37-8147-8d42d784df47,SU Times,34,Southbound,11,Southbound: Westminster Station to Englewood,10:35:30,11:23:30
Sunday,870fa36d-e3ec-55e3-9372-7e38e7fb7ac2,SU Times,34,Northbound,21,Northbound: Evans to Wagon Road,10:18:30,11:15:30
Sunday,c7422f0e-7273-5c6c-a93f-0544e9e7e071,SU Times,35,Southbound,24,Southbound: Wagon Road to Evans,10:23:00,11:20:00
Sunday,b4d80504-4efb-5ace-a0b1-626674c9f564,SU Times,35,Northbound,14,Northbound: Englewood to Westminster Station,10:15:00,11:02:00
Sunday,55fb7a0e-eaca-59ce-9609-674a992e9f15,SU Times,36,Southbound,16,Southbound: Westminster Station to Englewood,10:50:30,11:38:30
Sunday,662c06e4-6991-5110-a6f8-ad5ee02f932d,SU Times,36,Northbound,29,Northbound: Evans to Wagon Road,10:33:30,11:30:30
Sunday,df610f7f-5461-52bb-bc19-71e393c5a016,SU Times,37,Southbound,25,Southbound: Wagon Road to Evans,10:38:00,11:35:00
Sunday,6134bc0d-7267-5910-a27d-7b9c5f9c8f76,SU Times,37,Northbound,17,Northbound: Englewood to Westminster Station,10:30:00,11:17:00
Sunday,7ddacb4c-2014-5ade-8bd3-8bda509fdc3f,SU Times,38,Southbound,13,Southbound: Westminster Station to Englewood,11:05:30,11:53:30
Sunday,4499136a-f9e8-583b-aff7-45ad74abf0b3,SU Times,38,Northbound,26,Northbound: Evans to Wagon Road,10:48:30,11:45:30
Sunday,c226a0fc-ae78-541a-ac66-161b40836130,SU Times,39,Southbound,22,Southbound: Wagon Road to Evans,10:53:00,11:50:00
Sunday,c41dd664-6346-5c4c-94a5-52bfd5f5ed7e,SU Times,39,Northbound,15,Northbound: Englewood to Westminster Station,10:45:00,11:32:00
Sunday,6010398c-5e0a-5a1a-bc91-b17552d792c6,SU Times,40,Southbound,14,Southbound: Westminster Station to Englewood,11:20:30,12:08:30
Sunday,8155dfbe-c72b-54a1-bd12-a8e38e81d6d0,SU Times,40,Northbound,23,Northbound: Evans to Wagon Road,11:03:30,12:00:30
Sunday,6054d819-dd38-51a1-8568-a00bc5bfe9b9,SU Times,41,Southbound,27,Southbound: Wagon Road to Evans,11:08:00,12:05:00
Sunday,405e40cc-c61a-52e9-a482-d7798eced792,SU Times,41,Northbound,18,Northbound: Englewood to Westminster Station,11:00:00,11:47:00
Sunday,6128ead8-762a-562d-8f75-66f7f26e825c,SU Times,42,Southbound,17,Southbound: Westminster Station to Englewood,11:35:30,12:23:30
Sunday,13ee1001-7e38-5d29-bde1-7b55c851cfe0,SU Times,42,Northbound,28,Northbound: Evans to Wagon Road,11:18:30,12:15:30
Sunday,5124a35a-ba29-546d-b0cd-ccab5754b4c7,SU Times,43,Southbound,21,Southbound: Wagon Road to Evans,11:23:00,12:20:00
Sunday,89c2f9ea-7bc9-59ef-a10e-df8614f0adb1,SU Times,43,Northbound,12,Northbound: Englewood to Westminster Station,11:15:00,12:02:00
Sunday,a46295c1-aa54-57c9-97c7-6faa008ee303,SU Times,44,Southbound,15,Southbound: Westminster Station to Englewood,11:50:30,12:38:30
Sunday,a5e1652f-8cdc-5466-b5df-3917df052bdc,SU Times,44,Northbound,24,Northbound: Evans to Wagon Road,11:33:30,12:30:30
Sunday,f7b15f03-f761-573f-ba51-f317644e54b9,SU Times,45,Southbound,29,Southbound: Wagon Road to Evans,11:38:00,12:35:00
Sunday,c21edb99-e9a0-5267-a438-1b62c0609ff1,SU Times,45,Northbound,11,Northbound: Englewood to Westminster Station,11:30:00,12:17:00
Sunday,8596725f-2a7d-5e55-9377-598b228b8b1f,SU Times,46,Southbound,18,Southbound: Westminster Station to Englewood,12:05:30,12:53:30
Sunday,83f59a49-0f60-5bce-9c59-c3b608f3d8dd,SU Times,46,Northbound,25,Northbound: Evans to Wagon Road,11:48:30,12:45:30
Sunday,e832a415-f978-548e-bfdf-c3e2377d28cf,SU Times,47,Southbound,26,Southbound: Wagon Road to Evans,11:53:00,12:50:00
Sunday,bfda4697-7bf0-5a17-bfe5-b74f6e3f1493,SU Times,47,Northbound,16,Northbound: Englewood to Westminster Station,11:45:00,12:32:00
Sunday,352d6f35-dfd8-55cc-b502-a85568c0bc2d,SU Times,48,Southbound,12,Southbound: Westminster Station to Englewood,12:20:30,13:08:30
Sunday,1c0e9181-5885-5232-8d37-339408193904,SU Times,48,Northbound,22,Northbound: Evans to Wagon Road,12:03:30,13:00:30
Sunday,f79e0d27-e0c1-53fe-84ad-fb54351f4d35,SU Times,49,Southbound,23,Southbound: Wagon Road to Evans,12:08:00,13:05:00
Sunday,120f0f8f-7c90-5a64-99a6-4c4dc47c4339,SU Times,49,Northbound,13,Northbound: Englewood to Westminster Station,12:00:00,12:47:00
Sunday,c77b94b0-1022-5cc6-8fb6-4093720f8c10,SU Times,50,Southbound,11,Southbound: Westminster Station to Englewood,12:35:30,13:23:30
Sunday,6d6159af-b0e2-5cd7-afee-da652fb95e7b,SU Times,50,Northbound,27,Northbound: Evans to Wagon Road,12:18:30,13:15:30
Sunday,cdd52762-7255-5ebf-a653-67ffdeb5c8d5,SU Times,51,Southbound,28,Southbound: Wagon Road to Evans,12:23:00,13:20:00
Sunday,27764dee-f1d9-59cd-828e-5d2b202cd05d,SU Times,51,Northbound,14,Northbound: Englewood to Westminster Station,12:15:00,13:02:00
Sunday,64ae187a-c552-5ac9-a679-51cd2d760ed7,SU Times,52,Southbound,16,Southbound: Westminster Station to Englewood,12:50:30,13:38:30
Sunday,56d7d897-7ce4-5aee-a848-845347238ac9,SU Times,52,Northbound,21,Northbound: Evans to Wagon Road,12:33:30,13:30:30
Sunday,b7ba9ae9-8e69-51f5-bf44-26be39c6c84f,SU Times,53,Southbound,24,Southbound: Wagon Road to Evans,12:38:00,13:35:00
Sunday,c0aeee3b-4dad-54d8-b9f7-ed96b4dd50eb,SU Times,53,Northbound,17,Northbound: Englewood to Westminster Station,12:30:00,13:17:00
Sunday,6026b4da-5a4f-5353-8956-04abc1a3fe2a,SU Times,54,Southbound,13,Southbound: Westminster Station to Englewood,13:05:30,13:53:30
Sunday,6e16a6a5-27a3-5be4-b935-33b648f2916e,SU Times,54,Northbound,29,Northbound: Evans to Wagon Road,12:48:30,13:45:30
Sunday,c2f12a7d-1355-568d-866d-d24b99ed1d55,SU Times,55,Southbound,25,Southbound: Wagon Road to Evans,12:53:00,13:50:00
Sunday,7a35f4ae-cd02-56d7-b949-9c01f3a88c5f,SU Times,55,Northbound,15,Northbound: Englewood to Westminster Station,12:45:00,13:32:00
Sunday,2c9a19de-6ef0-5aff-834f-ab0be99e8db3,SU Times,56,Southbound,14,Southbound: Westminster Station to Englewood,13:20:30,14:08:30
Sunday,17c584b4-18a2-5030-8b70-3f9f8577576f,SU Times,56,Northbound,26,Northbound: Evans to Wagon Road,13:03:30,14:00:30
Sunday,61e79576-0650-5643-ad55-dc738a04cdc4,SU Times,57,Southbound,22,Southbound: Wagon Road to Evans,13:08:00,14:05:00
Sunday,2070c5e0-b20f-5fb8-916d-f63722a72438,SU Times,57,Northbound,18,Northbound: Englewood to Westminster Station,13:00:00,13:47:00
Sunday,d97fa54d-5c68-5d12-a9e8-040f1af154c8,SU Times,58,Southbound,17,Southbound: Westminster Station to Englewood,13:35:30,14:23:30
Sunday,ea99f797-2413-5a45-a7d0-9395907885bf,SU Times,58,Northbound,23,Northbound: Evans to Wagon Road,13:18:30,14:15:30
Sunday,572f937b-7d79-5bc8-b7ad-f58ec97c60b3,SU Times,59,Southbound,27,Southbound: Wagon Road to Evans,13:23:00,14:20:00
Sunday,bcbbb34e-cefb-5971-9e69-a0c074679836,SU Times,59,Northbound,12,Northbound: Englewood to Westminster Station,13:15:00,14:02:00
Sunday,6f84d318-64cd-59bf-9d83-f3b7133b78ec,SU Times,60,Southbound,15,Southbound: Westminster Station to Englewood,13:50:30,14:38:30
Sunday,8d5b13d1-3697-5414-be2d-4a4706ba881a,SU Times,60,Northbound,28,Northbound: Evans to Wagon Road,13:33:30,14:30:30
Sunday,a1513ab1-20ff-5f93-9d9a-e56b4890f94e,SU Times,61,Southbound,21,Southbound: Wagon Road to Evans,13:38:00,14:35:00
Sunday,6c39eda0-443e-5edf-972f-213885c1deb2,SU Times,61,Northbound,11,Northbound: Englewood to Westminster Station,13:30:00,14:17:00
Sunday,6e84f01a-af9b-5538-bdbd-11ab50d88473,SU Times,62,Southbound,18,Southbound: Westminster Station to Englewood,14:05:30,14:53:30
Sunday,42d8d21c-4242-5bb9-871f-d0045a556cb6,SU Times,62,Northbound,24,Northbound: Evans to Wagon Road,13:48:30,14:45:30
Sunday,76097b07-957f-5ac3-9942-ea538975a0a7,SU Times,63,Southbound,29,Southbound: Wagon Road to Evans,13:53:00,14:50:00
Sunday,e787fe41-c921-5c15-bae0-9aeab2e4ee24,SU Times,63,Northbound,16,Northbound: Englewood to Westminster Station,13:45:00,14:32:00
Sunday,c2855af0-48a6-5f5b-aa38-b5f2e670497b,SU Times,64,Southbound,12,Southbound: Westminster Station to Englewood,14:20:30,15:08:30
Sunday,91ee4689-d584-5591-8a04-53809c397c54,SU Times,64,Northbound,25,Northbound: Evans to Wagon Road,14:03:30,15:00:30
Sunday,ec235372-2827-547d-8bdf-513b42cd025e,SU Times,65,Southbound,26,Southbound: Wagon Road to Evans,14:08:00,15:05:00
Sunday,808eb295-594a-5c1e-a23c-69cb90444e6d,SU Times,65,Northbound,13,Northbound: Englewood to Westminster Station,14:00:00,14:47:00
Sunday,24eacf40-7100-533c-bed8-07fc6b2718e3,SU Times,66,Southbound,11,Southbound: Westminster Station to Englewood,14:35:30,15:23:30
Sunday,ce331af3-0426-5589-8507-d7ddbb0c0b7a,SU Times,66,Northbound,22,Northbound: Evans to Wagon Road,14:18:30,15:15:30
Sunday,17af4700-748b-5f28-83a2-bf97b1a649d2,SU Times,67,Southbound,23,Southbound: Wagon Road to Evans,14:23:00,15:20:00
Sunday,63e06db5-8d75-5a0a-8141-b7ac1fc209d6,SU Times,67,Northbound,14,Northbound: Englewood to Westminster Station,14:15:00,15:02:00
Sunday,fc1ef7b1-456c-59cd-b8ca-c0e29a284ddb,SU Times,68,Southbound,16,Southbound: Westminster Station to Englewood,14:50:30,15:38:30
Sunday,02bf56b5-16ea-5deb-baed-6d396bb8aad3,SU Times,68,Northbound,27,Northbound: Evans to Wagon Road,14:33:30,15:30:30
Sunday,dd7549cf-a121-51a7-84e9-21929043642e,SU Times,69,Southbound,28,Southbound: Wagon Road to Evans,14:38:00,15:35:00
Sunday,f53db941-caa8-53a8-8832-1f2cf66af0cb,SU Times,69,Northbound,17,Northbound: Englewood to Westminster Station,14:30:00,15:17:00
Sunday,056a79de-b64a-5463-a57e-7747163a3fae,SU Times,70,Southbound,13,Southbound: Westminster Station to Englewood,15:05:30,15:53:30
Sunday,26de7485-1d2c-5652-97ee-3b5872e6f180,SU Times,70,Northbound,21,Northbound: Evans to Wagon Road,14:48:30,15:45:30
Sunday,51974a79-ea5e-5084-ae87-647fc94d408b,SU Times,71,Southbound,24,Southbound: Wagon Road to Evans,14:53:00,15:50:00
Sunday,f3f962f6-e65b-5eeb-965b-f21ced4230ef,SU Times,71,Northbound,15,Northbound: Englewood to Westminster Station,14:45:00,15:32:00
Sunday,8bb9c157-c919-53f3-9278-d6e723131ea4,SU Times,72,Southbound,14,Southbound: Westminster Station to Englewood,15:20:30,16:08:30
Sunday,9ab30b42-0c8d-5f6b-8aaa-ece2d18d9ff2,SU Times,72,Northbound,29,Northbound: Evans to Wagon Road,15:03:30,16:00:30
Sunday,7f2b19a0-cbab-5079-9170-fec01b0ee7a1,SU Times,73,Southbound,25,Southbound: Wagon Road to Evans,15:08:00,16:05:00
Sunday,3f134560-be0c-5f06-9e20-024cfd8b8751,SU Times,73,Northbound,18,Northbound: Englewood to Westminster Station,15:00:00,15:47:00
Sunday,68d18bd5-a32d-5ac1-82f3-2545b473c0d5,SU Times,74,Southbound,17,Southbound: Westminster Station to Englewood,15:35:30,16:23:30
Sunday,907ec12d-e3a5-57f8-bf56-207596267e84,SU Times,74,Northbound,26,Northbound: Evans to Wagon Road,15:18:30,16:15:30
Sunday,981b51d5-6b94-5916-9894-5c5c574960c3,SU Times,75,Southbound,22,Southbound: Wagon Road to Evans,15:23:00,16:20:00
Sunday,c448ee64-ab58-5319-a817-2b4ca18c4781,SU Times,75,Northbound,12,Northbound: Englewood to Westminster Station,15:15:00,16:02:00
Sunday,d58a0a96-ae1b-5d20-800a-c6c280fed893,SU Times,76,Southbound,15,Southbound: Westminster Station to Englewood,15:50:30,16:38:30
Sunday,d1c02710-5950-5296-873d-24aa1031af4e,SU Times,76,Northbound,23,Northbound: Evans to Wagon Road,15:33:30,16:30:30
Sunday,2e106339-1382-5b9a-bd84-52429dfa964b,SU Times,77,Southbound,27,Southbound: Wagon Road to Evans,15:38:00,16:35:00
Sunday,3c6c392e-327a-571e-821b-eb61fd0b793d,SU Times,77,Northbound,11,Northbound: Englewood to Westminster Station,15:30:00,16:17:00
Sunday,9931864c-ccad-5318-b95e-f0e0c8facce0,SU Times,78,Southbound,18,Southbound: Westminster Station to Englewood,16:05:30,16:53:30
Sunday,1c91e79c-2bae-5a84-8635-f22b0b76645a,SU Times,78,Northbound,28,Northbound: Evans to Wagon Road,15:48:30,16:45:30
Sunday,aeba7b0b-2ae3-58c6-8aed-29f89656c364,SU Times,79,Southbound,21,Southbound: Wagon Road to Evans,15:53:00,16:50:00
Sunday,3f27841f-abdc-5dfd-8a68-2c3f0241dae9,SU Times,79,Northbound,16,Northbound: Englewood to Westminster Station,15:45:00,16:32:00
Sunday,0fdce44e-8f2d-572f-ba32-8e4938777e89,SU Times,80,Southbound,12,Southbound: Westminster Station to Englewood,16:20:30,17:08:30
Sunday,90b70d79-2932-5a36-9be8-2aee1a8dda2d,SU Times,80,Northbound,24,Northbound: Evans to Wagon Road,16:03:30,17:00:30
Sunday,c879c5f3-f267-5d89-8a2e-c366a8e19983,SU Times,81,Southbound,29,Southbound: Wagon Road to Evans,16:08:00,17:05:00
Sunday,bf1ccf59-7179-572a-9637-fcfe24a4990b,SU Times,81,Northbound,13,Northbound: Englewood to Westminster Station,16:00:00,16:47:00
Sunday,d8355ca0-3eec-57ec-b36f-2f17a38a5106,SU Times,82,Southbound,11,Southbound: Westminster Station to Englewood,16:35:30,17:23:30
Sunday,7f50a36d-6e17-57e7-b49e-fc55770bc347,SU Times,82,Northbound,25,Northbound: Evans to Wagon Road,16:18:30,17:15:30
Sunday,774dbe79-184b-52a7-b67c-0e8916a959be,SU Times,83,Southbound,26,Southbound: Wagon Road to Evans,16:23:00,17:20:00
Sunday,9dba4699-6255-58d4-af44-273e6fab12d6,SU Times,83,Northbound,14,Northbound: Englewood to Westminster Station,16:15:00,17:02:00
Sunday,e08c710c-64f9-5bb9-bcb6-e10a78a94e99,SU Times,84,Southbound,16,Southbound: Westminster Station to Englewood,16:50:30,17:38:30
Sunday,a63b1394-2cb6-5e76-b300-c70c5002483f,SU Times,84,Northbound,22,Northbound: Evans to Wagon Road,16:33:30,17:30:30
Sunday,178fa4bf-d60a-5e8e-a7cd-ded8c1f46068,SU Times,85,Southbound,23,Southbound: Wagon Road to Evans,16:38:00,17:35:00
Sunday,0ced4b28-1890-5d70-84d3-e44c58faaf5e,SU Times,85,Northbound,17,Northbound: Englewood to Westminster Station,16:30:00,17:17:00
Sunday,e4cdbc6c-e05c-5e19-bb69-7330dcacfedb,SU Times,86,Southbound,13,Southbound: Westminster Station to Englewood,17:05:30,17:53:30
Sunday,98d1a781-3a2e-586b-a9bb-2dbdb96cb7ba,SU Times,86,Northbound,27,Northbound: Evans to Wagon Road,16:48:30,17:45:30
Sunday,e200d68e-648d-54cb-b534-3c815bdae6ff,SU Times,87,Southbound,28,Southbound: Wagon Road to Evans,16:53:00,17:50:00
Sunday,ffc961cb-068e-5b82-a44c-d7807c790f8f,SU Times,87,Northbound,15,Northbound: Englewood to Westminster Station,16:45:00,17:32:00
Sunday,14a07b20-95c5-58b6-8824-585e89b5c447,SU Times,88,Southbound,14,Southbound: Westminster Station to Englewood,17:20:30,18:08:30
Sunday,d481e81f-0e37-5b27-ab78-c391508c4097,SU Times,88,Northbound,21,Northbound: Evans to Wagon Road,17:03:30,18:00:30
Sunday,702dab84-5c79-5036-a425-84ab7da466b4,SU Times,89,Southbound,24,Southbound: Wagon Road to Evans,17:08:00,18:05:00
Sunday,19ae14cd-1a8d-5acb-9de3-0507d4efaf7f,SU Times,89,Northbound,18,Northbound: Englewood to Westminster Station,17:00:00,17:47:00
Sunday,bb260357-1acc-53fa-bd94-5f72af6c82fe,SU Times,90,Southbound,17,Southbound: Westminster Station to Englewood,17:35:30,18:23:30
Sunday,076ebe53-85d1-546c-8352-2673925e48f5,SU Times,90,Northbound,29,Northbound: Evans to Wagon Road,17:18:30,18:15:30
Sunday,92112c32-215f-5b67-9e92-2964c36da64b,SU Times,91,Southbound,25,Southbound: Wagon Road to Evans,17:23:00,18:20:00
Sunday,bd4a4a66-fd00-5e6d-93a5-c6f0c27c0cb5,SU Times,91,Northbound,12,Northbound: Englewood to Westminster Station,17:15:00,18:02:00
Sunday,beb9f26f-52ce-519c-8fff-822e1f7e54d1,SU Times,92,Southbound,15,Southbound: Westminster Station to Englewood,17:50:30,18:38:30
Sunday,aed576db-9143-5aee-8c79-ba9cd54474f3,SU Times,92,Northbound,26,Northbound: Evans to Wagon Road,17:33:30,18:30:30
Sunday,c765e44d-b5e1-57a6-9bd0-fc187166e931,SU Times,93,Southbound,22,Southbound: Wagon Road to Evans,17:38:00,18:35:00
Sunday,65631b2f-6517-52b0-8e55-5c12adb15d83,SU Times,93,Northbound,11,Northbound: Englewood to Westminster Station,17:30:00,18:17:00
Sunday,3dfc4dfb-3c9f-5a76-99c9-cb5022bd37c7,SU Times,94,Southbound,18,Southbound: Westminster Station to Englewood,18:05:30,18:53:30
Sunday,8745f242-c5ba-57c5-a85a-e6de97425f76,SU Times,94,Northbound,23,Northbound: Evans to Wagon Road,17:48:30,18:45:30
Sunday,23e8c592-f46b-5405-b9e0-662ecd735972,SU Times,95,Southbound,27,Southbound: Wagon Road to Evans,17:53:00,18:50:00
Sunday,71bb469a-2993-5bbe-8117-bd3b52a40ade,SU Times,95,Northbound,16,Northbound: Englewood to Westminster Station,17:45:00,18:32:00
Sunday,4897032a-a5aa-5e36-9be8-bf8148d768b7,SU Times,96,Southbound,12,Southbound: Westminster Station to Englewood,18:20:30,19:08:30
Sunday,0856cb1e-126b-5718-9904-8842263fa023,SU Times,96,Northbound,28,Northbound: Evans to Wagon Road,18:03:30,19:00:30
Sunday,46b1ea60-9625-57ab-bf2f-3cb0ce69d11d,SU Times,97,Southbound,21,Southbound: Wagon Road to Evans,18:08:00,19:05:00
Sunday,6101d210-a471-55ca-85f6-d1110953cc12,SU Times,97,Northbound,13,Northbound: Englewood to Westminster Station,18:00:00,18:47:00
Sunday,ea946845-c38a-5556-9935-ab63b9ef144e,SU Times,98,Southbound,11,Southbound: Westminster Station to Englewood,18:35:30,19:23:30
Sunday,cde0485d-2a78-55fe-a384-47c6b6b557dd,SU Times,98,Northbound,24,Northbound: Evans to Wagon Road,18:18:30,19:15:30
Sunday,c01e007e-b3fe-5e18-a343-de42dd65b547,SU Times,99,Southbound,29,Southbound: Wagon Road to Evans,18:23:00,19:20:00
Sunday,ca56c28a-d956-5c0f-af29-4811c3de321c,SU Times,99,Northbound,14,Northbound: Englewood to Westminster Station,18:15:00,19:02:00
Sunday,36708629-4005-54cb-b365-17930e01cfb9,SU Times,100,Southbound,13,Southbound: Westminster Station to Englewood,18:58:00,19:46:00
Sunday,7a8a7d7d-7693-59b8-969e-1ae4c884b527,SU Times,100,Northbound,25,Northbound: Evans to Wagon Road,18:41:00,19:38:00
Sunday,b38e2fc2-93bf-5d45-b7da-d1b400c79b18,SU Times,101,Southbound,23,Southbound: Wagon Road to Evans,18:53:00,19:50:00
Sunday,32d75363-4991-502e-8149-b92f27bebaf6,SU Times,101,Northbound,15,Northbound: Englewood to Westminster Station,18:45:00,19:32:00
Sunday,af957350-5246-5bbc-9ccc-3c5b5c5cc946,SU Times,102,Southbound,14,Southbound: Westminster Station to Englewood,19:28:00,20:16:00
Sunday,f98cfdd5-5d1b-529b-9193-630d9d729fe8,SU Times,102,Northbound,27,Northbound: Evans to Wagon Road,19:11:00,20:08:00
Sunday,e6a05bb9-1c8f-5246-b8b7-9e24958bb23d,SU Times,103,Southbound,24,Southbound: Wagon Road to Evans,19:23:00,20:20:00
Sunday,78c5cbcf-6def-5477-b38f-72ba0a0cdb20,SU Times,103,Northbound,12,Northbound: Englewood to Westminster Station,19:15:00,20:02:00
Sunday,c52c466d-c6e9-56a1-ae17-605258b3e2ca,SU Times,104,Southbound,15,Southbound: Westminster Station to Englewood,19:58:00,20:46:00
Sunday,a3005e08-caf8-5896-8767-0134977db7ed,SU Times,104,Northbound,29,Northbound: Evans to Wagon Road,19:41:00,20:38:00
Sunday,38c745b8-8a2a-5735-8483-70eca4b3d34b,SU Times,105,Southbound,25,Southbound: Wagon Road to Evans,19:53:00,20:50:00
Sunday,398be770-bb2c-5e82-90e9-70835290c8de,SU Times,105,Northbound,11,Northbound: Englewood to Westminster Station,19:45:00,20:32:00
Sunday,389b7c95-1b33-5c61-8a90-85dcd09d0bef,SU Times,106,Southbound,12,Southbound: Westminster Station to Englewood,20:28:00,21:16:00
Sunday,dfe55b3b-d63e-51cb-9042-f432498f2482,SU Times,106,Northbound,23,Northbound: Evans to Wagon Road,20:11:00,21:08:00
Sunday,85ec4ee8-8d62-543f-b69a-5ff7e1b1435c,SU Times,107,Southbound,27,Southbound: Wagon Road to Evans,20:23:00,21:20:00
Sunday,de55e8ec-df84-56f9-b8a7-d6423a577408,SU Times,107,Northbound,13,Northbound: Englewood to Westminster Station,20:15:00,21:02:00
Sunday,5891431e-b7f8-54bd-98a9-cd611329b461,SU Times,108,Southbound,11,Southbound: Westminster Station to Englewood,20:58:00,21:46:00
Sunday,f2543b92-4f37-5edd-818e-7f64ed6240cf,SU Times,108,Northbound,24,Northbound: Evans to Wagon Road,20:41:00,21:38:00
Sunday,ce993063-a019-5143-9816-d3838f5f7c30,SU Times,109,Southbound,29,Southbound: Wagon Road to Englewood,20:55:00,21:58:00
Sunday,fedccc6e-98c7-5bc3-8bc8-c39f56d71e05,SU Times,109,Northbound,15,Northbound: Englewood to Wagon Road,21:01:00,22:05:00
Sunday,c7417483-29f5-5722-ac22-e944eea205de,SU Times,110,Southbound,23,Southbound: Wagon Road to Englewood,21:25:00,22:28:00
Sunday,d03646a1-616b-5338-9048-75f230b48185,SU Times,110,Northbound,12,Northbound: Englewood to Wagon Road,21:31:00,22:35:00
Sunday,fd31f5b0-b2f9-5ec8-ab3a-5dcfa78861d3,SU Times,111,Southbound,24,Southbound: Wagon Road to Englewood,21:55:00,22:58:00
Sunday,af9555e6-7319-5369-bde7-66c5c8550a39,SU Times,111,Northbound,11,Northbound: Englewood to Wagon Road,22:01:00,23:05:00
Sunday,ddf7b2b5-8eaa-5394-8d68-1c549625ac1b,SU Times,112,Southbound,15,Southbound: Wagon Road to Englewood,22:25:00,23:28:00
Sunday,c7ad0581-9334-56f3-9ac6-795c08787429,SU Times,112,Northbound,29,Northbound: Englewood to Wagon Road,22:31:00,23:35:00
Sunday,db04ffce-214b-53ce-866d-f94d8f28ded3,SU Times,113,Southbound,12,Southbound: Wagon Road to Englewood,22:55:00,23:58:00
Sunday,4d7501fb-6a44-5cc0-9d4c-961e7c6ff353,SU Times,113,Northbound,23,Northbound: Englewood to Wagon Road,23:01:00,24:05:00
Sunday,7b082c01-483b-5e2b-abb9-1f77d7bae908,SU Times,114,Southbound,11,Southbound: Wagon Road to Englewood,23:25:00,24:28:00
Sunday,a3cb2a6b-3368-505f-9787-17c6a8a6ab35,SU Times,114,Northbound,24,Northbound: Englewood to Wagon Road,23:31:00,24:35:00
Sunday,8b21f47a-fb4a-59f7-9aa5-a2b0a0418d69,SU Times,115,Southbound,29,Southbound: Wagon Road to Englewood,23:55:00,24:58:00
Sunday,4962784d-86c6-57de-b2aa-c09c539d6663,SU Times,115,Northbound,15,Northbound: Englewood to Wagon Road,24:01:00,25:05:00
Sunday,9061d59b-0490-5b9d-b9f5-4e601c3791b6,SU Times,116,Southbound,23,Southbound: Wagon Road to Englewood,24:25:00,25:28:00
Sunday,863754ea-68ae-53ca-b97a-89ddbb5a211a,SU Times,116,Northbound,12,Northbound: Englewood to Westminster Station,24:31:00,25:15:00
Holiday,79bcafa6-4b2c-5a6d-9a9c-84d9ccb4ba03,SU Times,5,Southbound,23,Southbound: Wagon Road to Evans,05:10:00,06:03:00
Holiday,32b88c25-1509-54ab-8984-e93e2d34e543,SU Times,5,Northbound,11,Northbound: Englewood to Westminster Station,05:01:00,05:45:00
Holiday,f41a4684-769d-5c86-bc4e-e5d3862f5efb,SU Times,6,Southbound,12,Southbound: Westminster Station to Englewood,05:44:00,06:28:00
Holiday,765e2cac-f40c-51c7-9870-0b70e28a9805,SU Times,6,Northbound,21,Northbound: Evans to Wagon Road,05:26:00,06:20:00
Holiday,5a55e40e-b4fe-5fb2-9bd7-7d7de7573ada,SU Times,7,Southbound,24,Southbound: Wagon Road to Evans,05:40:00,06:33:00
Holiday,2fc7c20d-cf6d-5c24-b8dc-5ed20e1aed5e,SU Times,7,Northbound,13,Northbound: Englewood to Westminster Station,05:31:00,06:15:00
Holiday,ff12ed94-4238-5e57-8edf-cc48ea09e67c,SU Times,8,Southbound,11,Southbound: Westminster Station to Englewood,06:14:00,06:58:00
Holiday,a252a3fa-633d-55dd-b554-d3f00ac2a42f,SU Times,8,Northbound,29,Northbound: Evans to Wagon Road,05:56:00,06:50:00
Holiday,7a0fc7b8-89d7-5ca7-b8bf-789642e9bfe7,SU Times,9,Southbound,22,Southbound: Wagon Road to Evans,06:10:00,07:03:00
Holiday,e7a85423-7144-5de4-a44d-e63616c6d4ed,SU Times,9,Northbound,14,Northbound: Englewood to Westminster Station,06:01:00,06:45:00
Holiday,7fd92990-5b79-5c3c-a9e7-2c988a3ead5f,SU Times,10,Southbound,13,Southbound: Westminster Station to Englewood,06:44:00,07:28:00
Holiday,236789bf-b33b-53d5-acff-388663b2d48b,SU Times,10,Northbound,23,Northbound: Evans to Wagon Road,06:26:00,07:20:00
Holiday,2cd274fa-9a85-5edc-8b56-60e689da19b4,SU Times,11,Southbound,21,Southbound: Wagon Road to Evans,06:40:00,07:33:00
Holiday,b67a002c-3754-5551-a30d-ce37644e0d51,SU Times,11,Northbound,15,Northbound: Englewood to Westminster Station,06:31:00,07:15:00
Holiday,1ff56cda-fff6-5e68-9352-7d7f97f56cdd,SU Times,12,Southbound,14,Southbound: Westminster Station to Englewood,07:14:00,07:58:00
Holiday,73323fa4-80b9-54cf-9c68-4ef3834a1a09,SU Times,12,Northbound,24,Northbound: Evans to Wagon Road,06:56:00,07:50:00
Holiday,476ef8db-87dc-5455-bac0-a9fdcb5bb4ec,SU Times,13,Southbound,29,Southbound: Wagon Road to Evans,07:10:00,08:03:00
Holiday,e192e226-257f-594a-b212-d41a491978c1,SU Times,13,Northbound,12,Northbound: Englewood to Westminster Station,07:01:00,07:45:00
Holiday,5162614c-b94a-5ec4-8574-7513619d439f,SU Times,14,Southbound,15,Southbound: Westminster Station to Englewood,07:44:00,08:28:00
Holiday,92a40c38-3176-5a8b-9551-4b761736664c,SU Times,14,Northbound,22,Northbound: Evans to Wagon Road,07:26:00,08:20:00
Holiday,de746274-4616-5fc4-842d-3e8dd4b9136b,SU Times,15,Southbound,23,Southbound: Wagon Road to Evans,07:40:00,08:33:00
Holiday,40c4e3d4-8e94-5809-946e-d49b52339da2,SU Times,15,Northbound,11,Northbound: Englewood to Westminster Station,07:31:00,08:15:00
Holiday,ea5902b0-ab35-5d02-934f-e73700e4fc84,SU Times,16,Southbound,12,Southbound: Westminster Station to Englewood,08:14:00,08:58:00
Holiday,90c0f5d7-b740-5cc5-b572-4e7610e8107f,SU Times,16,Northbound,21,Northbound: Evans to Wagon Road,07:56:00,08:50:00
Holiday,bcc44d29-a8ab-55ea-b1e4-5505164e979d,SU Times,17,Southbound,24,Southbound: Wagon Road to Evans,08:10:00,09:03:00
Holiday,e69dda4c-71da-5e53-bf8c-ba81e1d3c305,SU Times,17,Northbound,13,Northbound: Englewood to Westminster Station,08:01:00,08:45:00
Holiday,4fa5f6bb-879a-5614-89a8-84001e6f8f38,SU Times,18,Southbound,11,Southbound: Westminster Station to Englewood,08:35:30,09:23:30
Holiday,449971a9-307c-5d15-a69f-e0103015fffa,SU Times,18,Northbound,29,Northbound: Evans to Wagon Road,08:18:30,09:15:30
Holiday,921a2ed6-eab8-597a-99ce-6aca1acf20ae,SU Times,19,Southbound,25,Southbound: Wagon Road to Evans,08:23:00,09:20:00
Holiday,ffbb7dd6-47bf-513c-ab3e-4d90bbe25c8a,SU Times,19,Northbound,14,Northbound: Englewood to Westminster Station,08:15:00,09:02:00
Holiday,3be72fc2-8ee9-57e3-ba9f-6bb6c515f28e,SU Times,20,Southbound,16,Southbound: Westminster Station to Englewood,08:50:30,09:38:30
Holiday,1c8af54e-dc04-5095-916a-4a950792289a,SU Times,20,Northbound,26,Northbound: Evans to Wagon Road,08:33:30,09:30:30
Holiday,2f6c7aa6-9d2a-5f24-847a-d808679fe418,SU Times,21,Southbound,22,Southbound: Wagon Road to Evans,08:38:00,09:35:00
Holiday,5752ff37-025f-5fa6-9137-314d7d5ffcb2,SU Times,21,Northbound,17,Northbound: Englewood to Westminster Station,08:30:00,09:17:00
Holiday,86dc542d-341d-5610-8466-cc4275905619,SU Times,22,Southbound,13,Southbound: Westminster Station to Englewood,09:05:30,09:53:30
Holiday,2f9ddea4-ac56-5193-a139-90e5c11a8cdb,SU Times,22,Northbound,23,Northbound: Evans to Wagon Road,08:48:30,09:45:30
Holiday,4c3f2fd7-e0fc-5835-ad9d-df229dee1d86,SU Times,23,Southbound,27,Southbound: Wagon Road to Evans,08:53:00,09:50:00
Holiday,d1161a7d-4fdc-50bd-ae65-b73dc1afbff2,SU Times,23,Northbound,15,Northbound: Englewood to Westminster Station,08:45:00,09:32:00
Holiday,0b4ba7dc-062f-508a-8dfe-a78f55bd456e,SU Times,24,Southbound,14,Southbound: Westminster Station to Englewood,09:20:30,10:08:30
Holiday,470bd8ff-065a-5dc1-8364-841ede03d114,SU Times,24,Northbound,28,Northbound: Evans to Wagon Road,09:03:30,10:00:30
Holiday,b41ef025-ff5f-56ab-a394-cef43935e7d5,SU Times,25,Southbound,21,Southbound: Wagon Road to Evans,09:08:00,10:05:00
Holiday,3a7a62bf-4f82-588e-9831-d2767bb28e36,SU Times,25,Northbound,18,Northbound: Englewood to Westminster Station,09:00:00,09:47:00
Holiday,742aec48-e373-5630-bbf2-710aff39f8b7,SU Times,26,Southbound,17,Southbound: Westminster Station to Englewood,09:35:30,10:23:30
Holiday,621fd029-910f-5463-a4e8-0edc30d3fa0b,SU Times,26,Northbound,24,Northbound: Evans to Wagon Road,09:18:30,10:15:30
Holiday,2cbb8d96-aa2d-5b1b-b777-2211a6cbc26e,SU Times,27,Southbound,29,Southbound: Wagon Road to Evans,09:23:00,10:20:00
Holiday,d3d34552-554c-5eec-86fe-4ae26eeaaff3,SU Times,27,Northbound,12,Northbound: Englewood to Westminster Station,09:15:00,10:02:00
Holiday,a81ec1c9-abde-59dc-adf4-efade0e379b6,SU Times,28,Southbound,15,Southbound: Westminster Station to Englewood,09:50:30,10:38:30
Holiday,0fa7a2e5-c760-5750-bb14-ed042e02a489,SU Times,28,Northbound,25,Northbound: Evans to Wagon Road,09:33:30,10:30:30
Holiday,38b71ab1-daf1-59a0-aa63-6339c9b8875d,SU Times,29,Southbound,26,Southbound: Wagon Road to Evans,09:38:00,10:35:00
Holiday,23944618-2b1a-5122-bd43-55440fcb8d7e,SU Times,29,Northbound,11,Northbound: Englewood to Westminster Station,09:30:00,10:17:00
Holiday,37d47baf-52af-5e46-bcb1-6c7a3202e505,SU Times,30,Southbound,18,Southbound: Westminster Station to Englewood,10:05:30,10:53:30
Holiday,a69f48d5-9a44-580b-bf71-efb11ee2fdcd,SU Times,30,Northbound,22,Northbound: Evans to Wagon Road,09:48:30,10:45:30
Holiday,a1af6589-1371-5ce1-9c39-e67b20056500,SU Times,31,Southbound,23,Southbound: Wagon Road to Evans,09:53:00,10:50:00
Holiday,4de5a89f-17fe-586d-9387-f2b261e008d5,SU Times,31,Northbound,16,Northbound: Englewood to Westminster Station,09:45:00,10:32:00
Holiday,1f8c177d-a29f-567c-844c-a15f2d1cc73f,SU Times,32,Southbound,12,Southbound: Westminster Station to Englewood,10:20:30,11:08:30
Holiday,c2ed0d54-279f-5d44-a63f-e358c9f203eb,SU Times,32,Northbound,27,Northbound: Evans to Wagon Road,10:03:30,11:00:30
Holiday,9c281ed8-776a-59c2-9c34-0962156a33b1,SU Times,33,Southbound,28,Southbound: Wagon Road to Evans,10:08:00,11:05:00
Holiday,419b9e03-1f4d-5c69-bdc8-d5c10294112d,SU Times,33,Northbound,13,Northbound: Englewood to Westminster Station,10:00:00,10:47:00
Holiday,f58cb934-e8e3-5d51-98fd-17f80d0d961d,SU Times,34,Southbound,11,Southbound: Westminster Station to Englewood,10:35:30,11:23:30
Holiday,efe5cb1a-a8bc-5feb-85dd-01e5744d836d,SU Times,34,Northbound,21,Northbound: Evans to Wagon Road,10:18:30,11:15:30
Holiday,05fb01f0-4d94-5fbf-9956-60695f061356,SU Times,35,Southbound,24,Southbound: Wagon Road to Evans,10:23:00,11:20:00
Holiday,f116cd32-84e2-5f80-b1e5-99c4e88e64a7,SU Times,35,Northbound,14,Northbound: Englewood to Westminster Station,10:15:00,11:02:00
Holiday,7c618719-a5c0-5b02-b16e-15846e8f6c78,SU Times,36,Southbound,16,Southbound: Westminster Station to Englewood,10:50:30,11:38:30
Holiday,4aeb3b87-8995-5d1e-a8f8-816e87edb38b,SU Times,36,Northbound,29,Northbound: Evans to Wagon Road,10:33:30,11:30:30
Holiday,4a5ca3ab-55bb-57c5-bf9f-ba2c8dbcf81e,SU Times,37,Southbound,25,Southbound: Wagon Road to Evans,10:38:00,11:35:00
Holiday,ae4cea04-f728-520a-9048-3528dc684860,SU Times,37,Northbound,17,Northbound: Englewood to Westminster Station,10:30:00,11:17:00
Holiday,1849bbd4-a7e3-5084-b085-78fa4566e304,SU Times,38,Southbound,13,Southbound: Westminster Station to Englewood,11:05:30,11:53:30
Holiday,e444f121-cd56-54f8-b6a1-ed7f73b4483a,SU Times,38,Northbound,26,Northbound: Evans to Wagon Road,10:48:30,11:45:30
Holiday,6171e3cc-4f0f-5a06-9d30-98537e441a3a,SU Times,39,Southbound,22,Southbound: Wagon Road to Evans,10:53:00,11:50:00
Holiday,90d50c7d-ced9-5cba-93e8-be0a34bf95f6,SU Times,39,Northbound,15,Northbound: Englewood to Westminster Station,10:45:00,11:32:00
Holiday,9c09322d-5752-591f-b264-12a3f5c8f0bd,SU Times,40,Southbound,14,Southbound: Westminster Station to Englewood,11:20:30,12:08:30
Holiday,3982cc7d-1b21-50e8-b7e9-28806d37eb30,SU Times,40,Northbound,23,Northbound: Evans to Wagon Road,11:03:30,12:00:30
Holiday,617036ec-6456-5151-8322-81b82cfb0aec,SU Times,41,Southbound,27,Southbound: Wagon Road to Evans,11:08:00,12:05:00
Holiday,c255a758-7b22-51e2-88c1-4d5a00896973,SU Times,41,Northbound,18,Northbound: Englewood to Westminster Station,11:00:00,11:47:00
Holiday,f1422503-9d8e-5f07-a4a7-3bf93f1354d6,SU Times,42,Southbound,17,Southbound: Westminster Station to Englewood,11:35:30,12:23:30
Holiday,edf4dea5-e66e-5337-b5fb-5af682a75100,SU Times,42,Northbound,28,Northbound: Evans to Wagon Road,11:18:30,12:15:30
Holiday,03c526d6-382b-52cd-9d31-56d9d6408f17,SU Times,43,Southbound,21,Southbound: Wagon Road to Evans,11:23:00,12:20:00
Holiday,ee802f1f-50a4-5f10-98e1-860a3329ef25,SU Times,43,Northbound,12,Northbound: Englewood to Westminster Station,11:15:00,12:02:00
Holiday,514679a8-d464-512b-9bad-debf8b9dcb06,SU Times,44,Southbound,15,Southbound: Westminster Station to Englewood,11:50:30,12:38:30
Holiday,0be5dfcd-f617-58f5-8bef-b95421367617,SU Times,44,Northbound,24,Northbound: Evans to Wagon Road,11:33:30,12:30:30
Holiday,0babf83a-35e0-5c08-9a05-654e0aaf705a,SU Times,45,Southbound,29,Southbound: Wagon Road to Evans,11:38:00,12:35:00
Holiday,0d7ecf4e-dc11-55be-96a3-c30915664470,SU Times,45,Northbound,11,Northbound: Englewood to Westminster Station,11:30:00,12:17:00
Holiday,197dd9e6-4fa9-506e-8971-c251db89b94e,SU Times,46,Southbound,18,Southbound: Westminster Station to Englewood,12:05:30,12:53:30
Holiday,1f8e2427-72db-5cc5-b083-5585b7994f0d,SU Times,46,Northbound,25,Northbound: Evans to Wagon Road,11:48:30,12:45:30
Holiday,6745788b-1ece-5d42-97be-e2238df7badc,SU Times,47,Southbound,26,Southbound: Wagon Road to Evans,11:53:00,12:50:00
Holiday,325541ed-e8af-525a-84ee-f5f589d49cbd,SU Times,47,Northbound,16,Northbound: Englewood to Westminster Station,11:45:00,12:32:00
Holiday,c5cb7594-4897-5091-93f1-5d4cdb735ecb,SU Times,48,Southbound,12,Southbound: Westminster Station to Englewood,12:20:30,13:08:30
Holiday,d320399d-f6a5-5a42-8870-3eb41451f4d7,SU Times,48,Northbound,22,Northbound: Evans to Wagon Road,12:03:30,13:00:30
Holiday,e68cea11-26df-56b3-976b-fd214a2928fc,SU Times,49,Southbound,23,Southbound: Wagon Road to Evans,12:08:00,13:05:00
Holiday,ea2d6f78-f21d-5288-ba6b-8608185824f6,SU Times,49,Northbound,13,Northbound: Englewood to Westminster Station,12:00:00,12:47:00
Holiday,5e519b9e-70f9-5824-a256-e4b92eb00010,SU Times,50,Southbound,11,Southbound: Westminster Station to Englewood,12:35:30,13:23:30
Holiday,7353dafe-990e-5261-af60-61f54d4830ab,SU Times,50,Northbound,27,Northbound: Evans to Wagon Road,12:18:30,13:15:30
Holiday,789fcc8b-ec74-5b46-bf1e-1f1efaa6f452,SU Times,51,Southbound,28,Southbound: Wagon Road to Evans,12:23:00,13:20:00
Holiday,8b4127cf-05be-59a6-824b-a8a311da245e,SU Times,51,Northbound,14,Northbound: Englewood to Westminster Station,12:15:00,13:02:00
Holiday,130ee217-74b1-584e-91f1-41ea6b6b8409,SU Times,52,Southbound,16,Southbound: Westminster Station to Englewood,12:50:30,13:38:30
Holiday,4d22e70e-2f47-5b28-bee4-cbbf86bb99df,SU Times,52,Northbound,21,Northbound: Evans to Wagon Road,12:33:30,13:30:30
Holiday,841f72c2-d87a-5d25-9b05-781e2010a5db,SU Times,53,Southbound,24,Southbound: Wagon Road to Evans,12:38:00,13:35:00
Holiday,8080b8fd-8835-509d-abb2-1bc8a024b8f4,SU Times,53,Northbound,17,Northbound: Englewood to Westminster Station,12:30:00,13:17:00
Holiday,5b35add9-9b0d-5d07-9adc-ed189bb03923,SU Times,54,Southbound,13,Southbound: Westminster Station to Englewood,13:05:30,13:53:30
Holiday,3e2f47b9-6676-5524-ac8f-c980c1b39bd1,SU Times,54,Northbound,29,Northbound: Evans to Wagon Road,12:48:30,13:45:30
Holiday,96d9936e-ef88-5a81-a84c-1c2937c03855,SU Times,55,Southbound,25,Southbound: Wagon Road to Evans,12:53:00,13:50:00
Holiday,b69b35f8-cf72-509a-be17-aac6b3cbc40f,SU Times,55,Northbound,15,Northbound: Englewood to Westminster Station,12:45:00,13:32:00
Holiday,0dc0a2d4-7051-53e1-bc8b-417e18d8c74c,SU Times,56,Southbound,14,Southbound: Westminster Station to Englewood,13:20:30,14:08:30
Holiday,1e82e523-3fc5-5263-9f01-b6926d434fc8,SU Times,56,Northbound,26,Northbound: Evans to Wagon Road,13:03:30,14:00:30
Holiday,698db91c-d6c5-538b-befc-53dc1c63927f,SU Times,57,Southbound,22,Southbound: Wagon Road to Evans,13:08:00,14:05:00
Holiday,2bdca45a-2757-5d2f-90dc-3341ac856bc9,SU Times,57,Northbound,18,Northbound: Englewood to Westminster Station,13:00:00,13:47:00
Holiday,1841538c-833d-57ee-8062-e1a9e0cb24f6,SU Times,58,Southbound,17,Southbound: Westminster Station to Englewood,13:35:30,14:23:30
Holiday,b38210d0-5828-54ee-98d8-bd4110594e00,SU Times,58,Northbound,23,Northbound: Evans to Wagon Road,13:18:30,14:15:30
Holiday,3eca7a86-e4c7-524a-95e8-277e4450ae24,SU Times,59,Southbound,27,Southbound: Wagon Road to Evans,13:23:00,14:20:00
Holiday,f0083207-a491-5320-b012-d94778bfa0ca,SU Times,59,Northbound,12,Northbound: Englewood to Westminster Station,13:15:00,14:02:00
Holiday,e502dbfb-c3b2-5219-8538-8ec7ecaa7568,SU Times,60,Southbound,15,Southbound: Westminster Station to Englewood,13:50:30,14:38:30
Holiday,6160dd44-1e70-5701-8275-468fa9fea5a3,SU Times,60,Northbound,28,Northbound: Evans to Wagon Road,13:33:30,14:30:30
Holiday,be7af333-ee92-5603-834c-ae7b7035caf9,SU Times,61,Southbound,21,Southbound: Wagon Road to Evans,13:38:00,14:35:00
Holiday,2a1b6d84-803d-5391-9278-fc0bf223057b,SU Times,61,Northbound,11,Northbound: Englewood to Westminster Station,13:30:00,14:17:00
Holiday,9e51aad0-844c-5e33-b9a8-2183dae0905d,SU Times,62,Southbound,18,Southbound: Westminster Station to Englewood,14:05:30,14:53:30
Holiday,a1c2f427-0cb1-5c8a-9737-18b6fe19c199,SU Times,62,Northbound,24,Northbound: Evans to Wagon Road,13:48:30,14:45:30
Holiday,f483d74d-14aa-541a-bc7c-c8820af1ce1b,SU Times,63,Southbound,29,Southbound: Wagon Road to Evans,13:53:00,14:50:00
Holiday,df506aa0-8265-5b6e-89fd-89e9bd2e8726,SU Times,63,Northbound,16,Northbound: Englewood to Westminster Station,13:45:00,14:32:00
Holiday,e7ee2d88-90e1-5235-bea6-558da99e8c58,SU Times,64,Southbound,12,Southbound: Westminster Station to Englewood,14:20:30,15:08:30
Holiday,3aa1d85f-4ebe-56ec-9110-ead474578bf5,SU Times,64,Northbound,25,Northbound: Evans to Wagon Road,14:03:30,15:00:30
Holiday,903063fa-eebb-5476-9195-41ae4319fb88,SU Times,65,Southbound,26,Southbound: Wagon Road to Evans,14:08:00,15:05:00
Holiday,29550caf-73cb-5062-81bb-8fd97a11cc62,SU Times,65,Northbound,13,Northbound: Englewood to Westminster Station,14:00:00,14:47:00
Holiday,a33bbea9-ddf7-555a-ad04-c0763410c92a,SU Times,66,Southbound,11,Southbound: Westminster Station to Englewood,14:35:30,15:23:30
Holiday,0fca555e-a7ca-5d12-be53-139c526657ca,SU Times,66,Northbound,22,Northbound: Evans to Wagon Road,14:18:30,15:15:30
Holiday,2a96ebde-60df-5aca-a76e-fadaccd4d33f,SU Times,67,Southbound,23,Southbound: Wagon Road to Evans,14:23:00,15:20:00
Holiday,9d86bf27-2a19-529d-83fc-ebd6ea1b3c9b,SU Times,67,Northbound,14,Northbound: Englewood to Westminster Station,14:15:00,15:02:00
Holiday,48511d9c-da01-5e8f-808a-5acf6f5012de,SU Times,68,Southbound,16,Southbound: Westminster Station to Englewood,14:50:30,15:38:30
Holiday,7b2a7eda-770d-5925-a002-dba160ef6280,SU Times,68,Northbound,27,Northbound: Evans to Wagon Road,14:33:30,15:30:30
Holiday,4c36bad6-8999-5c27-9b45-31f52d240101,SU Times,69,Southbound,28,Southbound: Wagon Road to Evans,14:38:00,15:35:00
Holiday,45f405b8-f7ca-559c-b7ac-319161122420,SU Times,69,Northbound,17,Northbound: Englewood to Westminster Station,14:30:00,15:17:00
Holiday,7666ebec-9aaa-5281-b22e-bb97a9dae70a,SU Times,70,Southbound,13,Southbound: Westminster Station to Englewood,15:05:30,15:53:30
Holiday,3bac3684-47fb-5709-b870-f99495be99ab,SU Times,70,Northbound,21,Northbound: Evans to Wagon Road,14:48:30,15:45:30
Holiday,240a2582-72dc-5cec-a07b-825e26532da8,SU Times,71,Southbound,24,Southbound: Wagon Road to Evans,14:53:00,15:50:00
Holiday,a3f66a5a-e327-5155-b6eb-140e1db75381,SU Times,71,Northbound,15,Northbound: Englewood to Westminster Station,14:45:00,15:32:00
Holiday,b62e8226-0912-51a1-a6f9-660762d0e64d,SU Times,72,Southbound,14,Southbound: Westminster Station to Englewood,15:20:30,16:08:30
Holiday,72f17f06-c0c8-53c8-b01a-eeddf4e07902,SU Times,72,Northbound,29,Northbound: Evans to Wagon Road,15:03:30,16:00:30
Holiday,252fd0a7-a376-5a81-9899-ad22b8d71856,SU Times,73,Southbound,25,Southbound: Wagon Road to Evans,15:08:00,16:05:00
Holiday,0fb98e62-6433-503d-aca6-86c318dcab16,SU Times,73,Northbound,18,Northbound: Englewood to Westminster Station,15:00:00,15:47:00
Holiday,6ddbb8ee-5134-59bc-9cee-c8cc5e737e50,SU Times,74,Southbound,17,Southbound: Westminster Station to Englewood,15:35:30,16:23:30
Holiday,0cfd13c6-d69c-5d0d-a275-4f8cc597ad5d,SU Times,74,Northbound,26,Northbound: Evans to Wagon Road,15:18:30,16:15:30
Holiday,da02a5cf-a6bc-5c41-962c-4b3e5fd8a873,SU Times,75,Southbound,22,Southbound: Wagon Road to Evans,15:23:00,16:20:00
Holiday,7bb8b719-cb23-5938-bc9d-58b694d18827,SU Times,75,Northbound,12,Northbound: Englewood to Westminster Station,15:15:00,16:02:00
Holiday,a98b5c8e-38ca-5162-a0e8-e1abaa8c5d97,SU Times,76,Southbound,15,Southbound: Westminster Station to Englewood,15:50:30,16:38:30
Holiday,73edb885-c8a4-5682-a5ac-08b8cfb34cd5,SU Times,76,Northbound,23,Northbound: Evans to Wagon Road,15:33:30,16:30:30
Holiday,3ac7675a-8fb2-5cb6-b6aa-d411c185402e,SU Times,77,Southbound,27,Southbound: Wagon Road to Evans,15:38:00,16:35:00
Holiday,65b31b07-6be8-55e6-90e4-90a6dade67e2,SU Times,77,Northbound,11,Northbound: Englewood to Westminster Station,15:30:00,16:17:00
Holiday,88db6870-007b-5bba-94db-0098eda88916,SU Times,78,Southbound,18,Southbound: Westminster Station to Englewood,16:05:30,16:53:30
Holiday,96a6fbca-ba6b-5bd1-90d0-ec3b761769a6,SU Times,78,Northbound,28,Northbound: Evans to Wagon Road,15:48:30,16:45:30
Holiday,86d18806-5a6c-5e5f-8605-1a9535f68cb3,SU Times,79,Southbound,21,Southbound: Wagon Road to Evans,15:53:00,16:50:00
Holiday,88ed16b3-fd7c-5972-8b53-a74186e621be,SU Times,79,Northbound,16,Northbound: Englewood to Westminster Station,15:45:00,16:32:00
Holiday,cea8e52c-7adf-5f95-9412-122e13bbf921,SU Times,80,Southbound,12,Southbound: Westminster Station to Englewood,16:20:30,17:08:30
Holiday,db4d3712-d5fa-50b4-92f3-2777ae3cec8c,SU Times,80,Northbound,24,Northbound: Evans to Wagon Road,16:03:30,17:00:30
Holiday,5f768d0e-b5e9-50da-b579-1cafaf7ce149,SU Times,81,Southbound,29,Southbound: Wagon Road to Evans,16:08:00,17:05:00
Holiday,f8a56660-1001-519f-b78a-de6a011fc6b9,SU Times,81,Northbound,13,Northbound: Englewood to Westminster Station,16:00:00,16:47:00
Holiday,e1fbe8ee-a57d-5cf4-8015-c952bed6e4fd,SU Times,82,Southbound,11,Southbound: Westminster Station to Englewood,16:35:30,17:23:30
Holiday,3e826e41-12e6-54b3-a578-78b787518a26,SU Times,82,Northbound,25,Northbound: Evans to Wagon Road,16:18:30,17:15:30
Holiday,2bbb1b01-f191-529e-86d5-3ee7248ee8d4,SU Times,83,Southbound,26,Southbound: Wagon Road to Evans,16:23:00,17:20:00
Holiday,0b678b18-6909-5cf0-8f4d-2e1e1df86d00,SU Times,83,Northbound,14,Northbound: Englewood to Westminster Station,16:15:00,17:02:00
Holiday,e542c44b-2af3-5843-9b19-0f730b330776,SU Times,84,Southbound,16,Southbound: Westminster Station to Englewood,16:50:30,17:38:30
Holiday,5821bdf0-951f-58f9-bba0-53b2d3096781,SU Times,84,Northbound,22,Northbound: Evans to Wagon Road,16:33:30,17:30:30
Holiday,b11f47e5-53eb-59d2-b93f-72bb2aa5cc42,SU Times,85,Southbound,23,Southbound: Wagon Road to Evans,16:38:00,17:35:00
Holiday,7b296918-841f-5dc5-949f-1d2703ff1a94,SU Times,85,Northbound,17,Northbound: Englewood to Westminster Station,16:30:00,17:17:00
Holiday,5abfb416-2aaf-5767-a616-dfa9914ddd0e,SU Times,86,Southbound,13,Southbound: Westminster Station to Englewood,17:05:30,17:53:30
Holiday,91adacbc-dcd9-5bce-ae45-f29b93d78d15,SU Times,86,Northbound,27,Northbound: Evans to Wagon Road,16:48:30,17:45:30
Holiday,7741d8c0-9daa-548d-9cc8-8f017cb1890b,SU Times,87,Southbound,28,Southbound: Wagon Road to Evans,16:53:00,17:50:00
Holiday,18886ab1-3e8b-5932-8788-6a4d20184b7f,SU Times,87,Northbound,15,Northbound: Englewood to Westminster Station,16:45:00,17:32:00
Holiday,634cc977-5d85-5b10-b518-626b789ef255,SU Times,88,Southbound,14,Southbound: Westminster Station to Englewood,17:20:30,18:08:30
Holiday,f7ba75dd-e5d1-548f-ba64-ec6df10470a2,SU Times,88,Northbound,21,Northbound: Evans to Wagon Road,17:03:30,18:00:30
Holiday,3db3a14d-00a8-59c7-bd8f-aea262225296,SU Times,89,Southbound,24,Southbound: Wagon Road to Evans,17:08:00,18:05:00
Holiday,6b45e3d3-ee7a-5925-ae82-7d9b87b2bdb9,SU Times,89,Northbound,18,Northbound: Englewood to Westminster Station,17:00:00,17:47:00
Holiday,1ec30afe-95c9-50aa-96a0-6106d3f8f1b7,SU Times,90,Southbound,17,Southbound: Westminster Station to Englewood,17:35:30,18:23:30
Holiday,63d5528c-598b-5724-baa0-54fb3604af8e,SU Times,90,Northbound,29,Northbound: Evans to Wagon Road,17:18:30,18:15:30
Holiday,78ace1ac-6596-5a49-aa17-b6f5b1443018,SU Times,91,Southbound,25,Southbound: Wagon Road to Evans,17:23:00,18:20:00
Holiday,d0393c86-c647-5a79-9da7-0b81f4a17bc6,SU Times,91,Northbound,12,Northbound: Englewood to Westminster Station,17:15:00,18:02:00
Holiday,3eb28d10-b53c-5a98-8d09-6b7baa40e04e,SU Times,92,Southbound,15,Southbound: Westminster Station to Englewood,17:50:30,18:38:30
Holiday,234f52df-4633-5b84-beb9-8b4092360e53,SU Times,92,Northbound,26,Northbound: Evans to Wagon Road,17:33:30,18:30:30
Holiday,41f49bfc-8a90-515b-bf29-aacfc09a7405,SU Times,93,Southbound,22,Southbound: Wagon Road to Evans,17:38:00,18:35:00
Holiday,dd1adee5-3b65-5394-806d-4308c4971b55,SU Times,93,Northbound,11,Northbound: Englewood to Westminster Station,17:30:00,18:17:00
Holiday,002625d3-cccb-502e-8590-1b45373ecfcd,SU Times,94,Southbound,18,Southbound: Westminster Station to Englewood,18:05:30,18:53:30
Holiday,ef432914-50aa-5878-b593-7d478100c749,SU Times,94,Northbound,23,Northbound: Evans to Wagon Road,17:48:30,18:45:30
Holiday,63885efc-5de5-544c-bbc6-42dcdb8aaec7,SU Times,95,Southbound,27,Southbound: Wagon Road to Evans,17:53:00,18:50:00
Holiday,11d27a11-d558-5209-b387-78f322d6572d,SU Times,95,Northbound,16,Northbound: Englewood to Westminster Station,17:45:00,18:32:00
Holiday,b22d10ad-cd35-5b2a-ba3b-9b8b9953a885,SU Times,96,Southbound,12,Southbound: Westminster Station to Englewood,18:20:30,19:08:30
Holiday,73a95eff-39ee-5d7a-ab09-cb73c02b5f50,SU Times,96,Northbound,28,Northbound: Evans to Wagon Road,18:03:30,19:00:30
Holiday,55ff72c0-a659-5a33-bf56-c19775e04db5,SU Times,97,Southbound,21,Southbound: Wagon Road to Evans,18:08:00,19:05:00
Holiday,bae664ea-9e61-5bbf-b31e-f89b8b84f577,SU Times,97,Northbound,13,Northbound: Englewood to Westminster Station,18:00:00,18:47:00
Holiday,12fd2359-4593-56a4-9efb-f8825c4cc5d1,SU Times,98,Southbound,11,Southbound: Westminster Station to Englewood,18:35:30,19:23:30
Holiday,6be6fdf7-7cb4-537c-b980-e255dc6d92b7,SU Times,98,Northbound,24,Northbound: Evans to Wagon Road,18:18:30,19:15:30
Holiday,624ff24d-61a0-568e-880a-9ed52f71cbbb,SU Times,99,Southbound,29,Southbound: Wagon Road to Evans,18:23:00,19:20:00
Holiday,c8fc6600-ac61-5158-a754-cdbd792c8967,SU Times,99,Northbound,14,Northbound: Englewood to Westminster Station,18:15:00,19:02:00
Holiday,d4ad07c0-39c3-52f0-a595-60f03461a41a,SU Times,100,Southbound,13,Southbound: Westminster Station to Englewood,18:58:00,19:46:00
Holiday,b7a7c804-7d46-5afa-886a-c409e75cbfc8,SU Times,100,Northbound,25,Northbound: Evans to Wagon Road,18:41:00,19:38:00
Holiday,266a538a-5593-57dc-a5f6-b7c58b9f1a5c,SU Times,101,Southbound,23,Southbound: Wagon Road to Evans,18:53:00,19:50:00
Holiday,4e7cca0a-d826-5a77-8848-95f843b87af9,SU Times,101,Northbound,15,Northbound: Englewood to Westminster Station,18:45:00,19:32:00
Holiday,5a6c44e6-6f3f-53f4-941f-de5e83a4a8ae,SU Times,102,Southbound,14,Southbound: Westminster Station to Englewood,19:28:00,20:16:00
Holiday,ee335d44-6196-596f-94ed-10246eb2729c,SU Times,102,Northbound,27,Northbound: Evans to Wagon Road,19:11:00,20:08:00
Holiday,fe08f3ad-c3d1-5d2b-bd9e-3e7d89a03933,SU Times,103,Southbound,24,Southbound: Wagon Road to Evans,19:23:00,20:20:00
Holiday,7e14d5eb-bd5e-565d-ace3-629ab9bf754a,SU Times,103,Northbound,12,Northbound: Englewood to Westminster Station,19:15:00,20:02:00
Holiday,9af67cf3-7089-5928-bc1a-2f4b0aa32893,SU Times,104,Southbound,15,Southbound: Westminster Station to Englewood,19:58:00,20:46:00
Holiday,a6d1447e-5545-5175-bd4d-d7afd6d4c4ee,SU Times,104,Northbound,29,Northbound: Evans to Wagon Road,19:41:00,20:38:00
Holiday,62470fbf-a284-5cf7-9cee-d554c5cb7f03,SU Times,105,Southbound,25,Southbound: Wagon Road to Evans,19:53:00,20:50:00
Holiday,1a05ec82-e7af-58c6-9e49-2900dd56e8b6,SU Times,105,Northbound,11,Northbound: Englewood to Westminster Station,19:45:00,20:32:00
Holiday,7d7fd40e-606f-540f-b918-43294235f5a3,SU Times,106,Southbound,12,Southbound: Westminster Station to Englewood,20:28:00,21:16:00
Holiday,6fe6bdd9-e242-5dfc-b81c-e9682eeb4652,SU Times,106,Northbound,23,Northbound: Evans to Wagon Road,20:11:00,21:08:00
Holiday,296edfb8-3a6a-5c17-85cc-28a04c5cdcec,SU Times,107,Southbound,27,Southbound: Wagon Road to Evans,20:23:00,21:20:00
Holiday,d04364ce-0dc2-5ecd-a2a8-44d593a6b965,SU Times,107,Northbound,13,Northbound: Englewood to Westminster Station,20:15:00,21:02:00
Holiday,6c364dd1-77ed-5670-81d1-7476bec25f05,SU Times,108,Southbound,11,Southbound: Westminster Station to Englewood,20:58:00,21:46:00
Holiday,bd22a91a-0a6b-543e-8924-d69131f76b7c,SU Times,108,Northbound,24,Northbound: Evans to Wagon Road,20:41:00,21:38:00
Holiday,72cc3609-fe73-53b4-85a9-8856742e9f36,SU Times,109,Southbound,29,Southbound: Wagon Road to Englewood,20:55:00,21:58:00
Holiday,434b6852-7c1c-5ceb-83c2-3f722bce3387,SU Times,109,Northbound,15,Northbound: Englewood to Wagon Road,21:01:00,22:05:00
Holiday,d4bc5980-e833-5bb1-bf97-713966c167e7,SU Times,110,Southbound,23,Southbound: Wagon Road to Englewood,21:25:00,22:28:00
Holiday,3fadf2e8-5640-5736-8165-b897e62930ff,SU Times,110,Northbound,12,Northbound: Englewood to Wagon Road,21:31:00,22:35:00
Holiday,71c6230e-e01f-5972-8fdb-cde04ba8f0dc,SU Times,111,Southbound,24,Southbound: Wagon Road to Englewood,21:55:00,22:58:00
Holiday,d4f8d526-ff21-57f2-99c6-277905de5493,SU Times,111,Northbound,11,Northbound: Englewood to Wagon Road,22:01:00,23:05:00
Holiday,9d14b746-e1b1-5b8d-b4a1-3a5b22c9dbad,SU Times,112,Southbound,15,Southbound: Wagon Road to Englewood,22:25:00,23:28:00
Holiday,11de1f80-af2f-572e-bb66-84197af942a7,SU Times,112,Northbound,29,Northbound: Englewood to Wagon Road,22:31:00,23:35:00
Holiday,a93bf3c4-2b4d-564d-9f4a-67905cf04fa6,SU Times,113,Southbound,12,Southbound: Wagon Road to Englewood,22:55:00,23:58:00
Holiday,ea458fbb-4b53-505f-ab3b-44a660307f43,SU Times,113,Northbound,23,Northbound: Englewood to Wagon Road,23:01:00,24:05:00
Holiday,0433ee84-51af-5e11-9582-4c368a433f97,SU Times,114,Southbound,11,Southbound: Wagon Road to Englewood,23:25:00,24:28:00
Holiday,136035dd-56f3-51fd-b06a-d683e67409f5,SU Times,114,Northbound,24,Northbound: Englewood to Wagon Road,23:31:00,24:35:00
Holiday,43aa11cb-2fb4-5518-9885-85561718a547,SU Times,115,Southbound,29,Southbound: Wagon Road to Englewood,23:55:00,24:58:00
Holiday,a955308e-2076-539f-b7c5-f5e967f7a1aa,SU Times,115,Northbound,15,Northbound: Englewood to Wagon Road,24:01:00,25:05:00
Holiday,278be661-dd66-5509-9b2a-5960e5a4d327,SU Times,116,Southbound,23,Southbound: Wagon Road to Englewood,24:25:00,25:28:00
Holiday,15a6ff2a-a83b-57a5-b364-1f212a591d1e,SU Times,116,Northbound,12,Northbound: Englewood to Westminster Station,24:31:00,25:15:00
